ys,,ys’,,y,ys==ys’,,,
0,0.20088387,0,-0.20088387,0,1,0,,
0,0.08962822,0,-0.08962822,0,1,0,,
0,0.06786442,0,-0.06786442,0,1,0,,0.424425513649641
0,0.0048952103,0,-0.0048952103,0,1,0,,
0,0.022639275,0,-0.022639275,0,1,0,,
82,0.22202301,82,-0.22202301,0,1,0,,
0,0.038776398,0,-0.038776398,0,1,0,,
0,0.011615753,0,-0.011615753,0,1,0,,
0,-0.077804565,0,0.077804565,0,1,0,,
0,-0.21607208,0,0.21607208,0,1,0,,
0,0.2323513,0,-0.2323513,0,1,0,,
0,0.052807808,0,-0.052807808,0,1,0,,
0,-0.040985107,0,0.040985107,0,1,0,,
0,0.096393585,0,-0.096393585,0,1,0,,
0,-0.0052671432,0,0.0052671432,0,1,0,,
1,0.17849922,1,-0.17849922,0,1,0,,
0,-0.04065895,0,0.04065895,0,1,0,,
0,0.06119442,0,-0.06119442,0,1,0,,
0,0.48142147,0,-0.48142147,0,1,0,,
89,-0.20537376,89,0.20537376,0,1,0,,
0,-0.09518051,0,0.09518051,0,1,0,,
0,0.4030285,0,-0.4030285,0,1,0,,
0,-0.17423534,0,0.17423534,0,1,0,,
0,-0.11374664,0,0.11374664,0,1,0,,
33,-0.13695812,33,0.13695812,0,1,0,,
1,0.015423775,1,-0.015423775,1,1,0,,
1,0.38078308,1,-0.38078308,1,1,0,,
1,0.31014824,1,-0.31014824,1,1,0,,
1,0.1510067,1,-0.1510067,1,1,0,,
1,0.09299755,1,-0.09299755,1,1,0,,
1,0.12124634,1,-0.12124634,1,1,0,,
1,0.17831421,1,-0.17831421,1,1,0,,
1,0.25448895,1,-0.25448895,1,1,0,,
1,-0.06710529,1,0.06710529,1,1,0,,
1,-0.08355141,1,0.08355141,1,1,0,,
1,0.103201866,1,-0.103201866,1,1,0,,
1,0.31808472,1,-0.31808472,1,1,0,,
5,-0.32558823,5,0.32558823,1,1,0,,
1,0.09760475,1,-0.09760475,1,1,0,,
1,0.09685516,1,-0.09685516,1,1,0,,
1,0.09064102,1,-0.09064102,1,1,0,,
1,-0.00074768066,1,0.00074768066,1,1,0,,
1,0.25124836,1,-0.25124836,1,1,0,,
1,0.12157917,1,-0.12157917,1,1,0,,
0,0.261858,79,0.070280075,1,0,0.332138075,,
1,0.12874222,1,-0.12874222,1,1,0,,
1,0.18579865,1,-0.18579865,1,1,0,,
1,0.0035495758,1,-0.0035495758,1,1,0,,
1,0.17381382,1,-0.17381382,1,1,0,,
1,0.29811478,79,0.2659502,1,0,0.56406498,,
19,0.10667229,19,-0.10667229,2,1,0,,
2,0.13987923,2,-0.13987923,2,1,0,,
2,0.31255913,2,-0.31255913,2,1,0,,
2,0.079595566,2,-0.079595566,2,1,0,,
2,0.29013824,2,-0.29013824,2,1,0,,
2,0.1756525,2,-0.1756525,2,1,0,,
2,0.2057705,2,-0.2057705,2,1,0,,
98,-0.14924812,98,0.14924812,2,1,0,,
32,0.476676,25,0.29562283,2,0,0.77229883,,
2,0.12709999,2,-0.12709999,2,1,0,,
2,0.24388123,2,-0.24388123,2,1,0,,
2,0.6772232,2,-0.6772232,2,1,0,,
2,0.26036453,2,-0.26036453,2,1,0,,
2,0.16880322,2,-0.16880322,2,1,0,,
93,0.042342186,93,-0.042342186,2,1,0,,
2,0.28523445,2,-0.28523445,2,1,0,,
2,0.11669636,2,-0.11669636,2,1,0,,
2,0.2553463,2,-0.2553463,2,1,0,,
2,0.14307594,2,-0.14307594,2,1,0,,
2,-0.033528328,2,0.033528328,2,1,0,,
2,0.40938377,2,-0.40938377,2,1,0,,
2,0.060307503,2,-0.060307503,2,1,0,,
2,0.0757103,2,-0.0757103,2,1,0,,
2,0.17865944,2,-0.17865944,2,1,0,,
2,0.2993574,2,-0.2993574,2,1,0,,
3,0.081214905,3,-0.081214905,3,1,0,,
2,0.20256805,2,-0.20256805,3,1,0,,
77,-0.15301037,77,0.15301037,3,1,0,,
99,-0.22057915,99,0.22057915,3,1,0,,
3,0.04813099,3,-0.04813099,3,1,0,,
3,-0.10676384,3,0.10676384,3,1,0,,
3,-0.06826115,3,0.06826115,3,1,0,,
3,0.106134415,3,-0.106134415,3,1,0,,
99,-0.24408054,99,0.24408054,3,1,0,,
3,0.019012451,3,-0.019012451,3,1,0,,
99,-0.048322678,99,0.048322678,3,1,0,,
3,0.024656296,3,-0.024656296,3,1,0,,
3,-0.0071983337,3,0.0071983337,3,1,0,,
3,-0.031166077,3,0.031166077,3,1,0,,
3,0.0021982193,3,-0.0021982193,3,1,0,,
52,0.3415985,52,-0.3415985,3,1,0,,
3,0.034635544,3,-0.034635544,3,1,0,,
3,0.106487274,3,-0.106487274,3,1,0,,
3,-0.36808968,3,0.36808968,3,1,0,,
3,-0.06289387,3,0.06289387,3,1,0,,
3,-0.008047104,3,0.008047104,3,1,0,,
3,-0.015993118,3,0.015993118,3,1,0,,
3,0.2656479,3,-0.2656479,3,1,0,,
3,0.09860039,3,-0.09860039,3,1,0,,
3,0.2934971,3,-0.2934971,3,1,0,,
4,0.1557064,4,-0.1557064,4,1,0,,
31,0.2159853,31,-0.2159853,4,1,0,,
31,0.32128716,31,-0.32128716,4,1,0,,
4,-0.21203804,4,0.21203804,4,1,0,,
4,0.105065346,4,-0.105065346,4,1,0,,
31,0.5180807,31,-0.5180807,4,1,0,,
4,-0.02288723,4,0.02288723,4,1,0,,
31,0.23276424,31,-0.23276424,4,1,0,,
4,-0.027140617,4,0.027140617,4,1,0,,
4,0.29346657,4,-0.29346657,4,1,0,,
99,-0.24202538,99,0.24202538,4,1,0,,
29,0.18584538,29,-0.18584538,4,1,0,,
4,0.2947979,4,-0.2947979,4,1,0,,
31,0.52888966,31,-0.52888966,4,1,0,,
4,0.08672428,4,-0.08672428,4,1,0,,
4,0.16116905,4,-0.16116905,4,1,0,,
30,0.16901302,30,-0.16901302,4,1,0,,
4,0.047145844,4,-0.047145844,4,1,0,,
4,0.15834999,4,-0.15834999,4,1,0,,
29,0.14950943,29,-0.14950943,4,1,0,,
4,0.12095833,4,-0.12095833,4,1,0,,
4,0.1971178,4,-0.1971178,4,1,0,,
48,-0.3912773,48,0.3912773,4,1,0,,
31,0.25358582,31,-0.25358582,4,1,0,,
4,0.17740822,4,-0.17740822,4,1,0,,
5,0.061774254,5,-0.061774254,5,1,0,,
5,-0.0074625015,5,0.0074625015,5,1,0,,
5,0.15401459,5,-0.15401459,5,1,0,,
5,0.03938198,5,-0.03938198,5,1,0,,
5,0.087986946,5,-0.087986946,5,1,0,,
5,0.14847374,5,-0.14847374,5,1,0,,
5,0.023705482,5,-0.023705482,5,1,0,,
5,0.055576324,5,-0.055576324,5,1,0,,
5,0.08106232,5,-0.08106232,5,1,0,,
5,0.07238579,5,-0.07238579,5,1,0,,
5,0.02834034,5,-0.02834034,5,1,0,,
5,0.10724449,5,-0.10724449,5,1,0,,
5,0.028422356,5,-0.028422356,5,1,0,,
5,0.5121212,5,-0.5121212,5,1,0,,
5,0.3377819,5,-0.3377819,5,1,0,,
5,0.1438179,5,-0.1438179,5,1,0,,
5,0.19565964,5,-0.19565964,5,1,0,,
5,0.2429142,5,-0.2429142,5,1,0,,
5,0.2485714,5,-0.2485714,5,1,0,,
5,0.031713486,5,-0.031713486,5,1,0,,
30,0.3139887,29,-0.11061096,5,0,0.20337774,,
5,0.23473454,5,-0.23473454,5,1,0,,
5,0.27325058,5,-0.27325058,5,1,0,,
5,0.16551018,5,-0.16551018,5,1,0,,
5,0.16649055,5,-0.16649055,5,1,0,,
6,0.18347836,6,-0.18347836,6,1,0,,
6,0.38456345,6,-0.38456345,6,1,0,,
6,0.45067215,6,-0.45067215,6,1,0,,
6,0.02524376,6,-0.02524376,6,1,0,,
6,0.15182686,6,-0.15182686,6,1,0,,
6,0.115076065,6,-0.115076065,6,1,0,,
6,0.0033521652,6,-0.0033521652,6,1,0,,
6,0.27237225,6,-0.27237225,6,1,0,,
6,0.37731743,6,-0.37731743,6,1,0,,
6,0.29146004,6,-0.29146004,6,1,0,,
6,0.30706406,6,-0.30706406,6,1,0,,
6,0.40448284,6,-0.40448284,6,1,0,,
6,0.364645,6,-0.364645,6,1,0,,
6,-0.20298767,6,0.20298767,6,1,0,,
57,0.36528492,57,-0.36528492,6,1,0,,
6,0.14343643,6,-0.14343643,6,1,0,,
6,0.09797096,6,-0.09797096,6,1,0,,
25,0.033880234,25,-0.033880234,6,1,0,,
6,0.3413639,6,-0.3413639,6,1,0,,
31,0.07201576,85,0.6115236,6,0,0.68353936,,
26,0.07509136,26,-0.07509136,6,1,0,,
6,0.10125065,6,-0.10125065,6,1,0,,
6,0.23523998,6,-0.23523998,6,1,0,,
89,-0.07896042,89,0.07896042,6,1,0,,
93,-0.0651989,93,0.0651989,6,1,0,,
7,0.09403992,7,-0.09403992,7,1,0,,
7,0.011932373,7,-0.011932373,7,1,0,,
7,0.09168148,7,-0.09168148,7,1,0,,
7,-0.00077819824,7,0.00077819824,7,1,0,,
7,-0.0644722,7,0.0644722,7,1,0,,
7,0.087329865,7,-0.087329865,7,1,0,,
7,0.17324638,7,-0.17324638,7,1,0,,
87,0.068948746,97,0.15540504,7,0,0.224353786,,
7,0.014091492,7,-0.014091492,7,1,0,,
7,-0.12029362,7,0.12029362,7,1,0,,
97,-0.1956768,97,0.1956768,7,1,0,,
7,0.07034683,7,-0.07034683,7,1,0,,
7,0.060860634,7,-0.060860634,7,1,0,,
7,0.39946365,7,-0.39946365,7,1,0,,
7,0.0421381,7,-0.0421381,7,1,0,,
7,0.045698166,7,-0.045698166,7,1,0,,
7,0.227067,7,-0.227067,7,1,0,,
7,-0.036343575,7,0.036343575,7,1,0,,
97,0.19558716,97,-0.19558716,7,1,0,,
7,0.11671162,7,-0.11671162,7,1,0,,
7,0.13768291,7,-0.13768291,7,1,0,,
7,0.05785942,7,-0.05785942,7,1,0,,
7,-0.043592453,7,0.043592453,7,1,0,,
7,-0.009431839,7,0.009431839,7,1,0,,
10,-0.09865761,10,0.09865761,7,1,0,,
8,0.21240425,8,-0.21240425,8,1,0,,
8,0.2556181,8,-0.2556181,8,1,0,,
8,0.1145916,8,-0.1145916,8,1,0,,
8,0.36016846,8,-0.36016846,8,1,0,,
0,-0.0145196915,0,0.0145196915,8,1,0,,
8,0.6185751,8,-0.6185751,8,1,0,,
8,0.56304264,8,-0.56304264,8,1,0,,
8,0.5314121,8,-0.5314121,8,1,0,,
8,0.027370453,8,-0.027370453,8,1,0,,
8,0.60030556,8,-0.60030556,8,1,0,,
8,0.10523701,8,-0.10523701,8,1,0,,
8,0.51145554,8,-0.51145554,8,1,0,,
93,0.07190323,93,-0.07190323,8,1,0,,
47,0.12688541,47,-0.12688541,8,1,0,,
9,0.10715389,9,-0.10715389,8,1,0,,
8,0.06510162,8,-0.06510162,8,1,0,,
47,0.1710558,47,-0.1710558,8,1,0,,
8,0.5762024,8,-0.5762024,8,1,0,,
7,0.18632507,8,0.08227348,8,0,0.26859855,,
8,0.5158415,8,-0.5158415,8,1,0,,
8,0.27411652,8,-0.27411652,8,1,0,,
8,0.508811,8,-0.508811,8,1,0,,
8,0.49830532,8,-0.49830532,8,1,0,,
8,0.02227211,8,-0.02227211,8,1,0,,
8,0.45227337,8,-0.45227337,8,1,0,,
9,-0.07582188,9,0.07582188,9,1,0,,
9,0.11687088,9,-0.11687088,9,1,0,,
9,0.20601654,9,-0.20601654,9,1,0,,
9,0.110673904,9,-0.110673904,9,1,0,,
9,0.026610374,9,-0.026610374,9,1,0,,
9,-0.09678841,9,0.09678841,9,1,0,,
9,0.07886791,9,-0.07886791,9,1,0,,
9,0.25058937,9,-0.25058937,9,1,0,,
9,0.41153717,9,-0.41153717,9,1,0,,
93,-0.23933697,93,0.23933697,9,1,0,,
9,0.07649708,9,-0.07649708,9,1,0,,
9,0.2694559,9,-0.2694559,9,1,0,,
9,0.005502701,9,-0.005502701,9,1,0,,
9,0.28199577,9,-0.28199577,9,1,0,,
9,-0.26961422,9,0.26961422,9,1,0,,
52,0.093587875,52,-0.093587875,9,1,0,,
9,0.1504898,9,-0.1504898,9,1,0,,
41,0.13953972,41,-0.13953972,9,1,0,,
9,-0.08076954,9,0.08076954,9,1,0,,
9,0.13379097,9,-0.13379097,9,1,0,,
9,0.12493706,9,-0.12493706,9,1,0,,
9,0.019922256,9,-0.019922256,9,1,0,,
9,0.12468815,9,-0.12468815,9,1,0,,
9,0.22212219,9,-0.22212219,9,1,0,,
9,0.084199905,9,-0.084199905,9,1,0,,
10,0.15847492,10,-0.15847492,10,1,0,,
10,-0.07578945,10,0.07578945,10,1,0,,
10,-0.008111954,10,0.008111954,10,1,0,,
10,0.075413704,10,-0.075413704,10,1,0,,
10,0.077153206,10,-0.077153206,10,1,0,,
10,0.0979805,10,-0.0979805,10,1,0,,
10,0.1357193,10,-0.1357193,10,1,0,,
10,0.21504784,10,-0.21504784,10,1,0,,
10,0.0639534,10,-0.0639534,10,1,0,,
10,0.24653816,10,-0.24653816,10,1,0,,
10,0.12723732,10,-0.12723732,10,1,0,,
10,-0.050153732,10,0.050153732,10,1,0,,
10,-0.034780502,10,0.034780502,10,1,0,,
10,-0.15665054,10,0.15665054,10,1,0,,
10,0.13342476,10,-0.13342476,10,1,0,,
10,-0.003320694,10,0.003320694,10,1,0,,
10,0.2953825,10,-0.2953825,10,1,0,,
10,0.18896008,10,-0.18896008,10,1,0,,
10,-0.06111431,10,0.06111431,10,1,0,,
10,0.12195015,10,-0.12195015,10,1,0,,
10,-0.05183792,10,0.05183792,10,1,0,,
10,0.18241692,10,-0.18241692,10,1,0,,
10,0.102952,10,-0.102952,10,1,0,,
10,0.08958244,10,-0.08958244,10,1,0,,
10,0.035271645,10,-0.035271645,10,1,0,,
98,-0.1336956,98,0.1336956,11,1,0,,
11,0.1518631,11,-0.1518631,11,1,0,,
11,0.074697495,11,-0.074697495,11,1,0,,
77,-0.23412228,77,0.23412228,11,1,0,,
11,0.06820488,11,-0.06820488,11,1,0,,
11,-0.18439484,11,0.18439484,11,1,0,,
12,0.036043167,12,-0.036043167,11,1,0,,
14,0.0605278,14,-0.0605278,11,1,0,,
11,0.25033855,11,-0.25033855,11,1,0,,
11,0.18530846,11,-0.18530846,11,1,0,,
11,0.054470062,11,-0.054470062,11,1,0,,
11,0.5018978,11,-0.5018978,11,1,0,,
11,0.09280968,11,-0.09280968,11,1,0,,
11,0.2252121,11,-0.2252121,11,1,0,,
17,0.17022324,17,-0.17022324,11,1,0,,
11,0.07324791,11,-0.07324791,11,1,0,,
11,0.094893456,11,-0.094893456,11,1,0,,
11,-0.06260681,11,0.06260681,11,1,0,,
11,-0.051553726,11,0.051553726,11,1,0,,
11,0.265625,11,-0.265625,11,1,0,,
11,0.23267555,11,-0.23267555,11,1,0,,
13,0.16333103,13,-0.16333103,11,1,0,,
11,0.107234955,11,-0.107234955,11,1,0,,
17,0.24395752,17,-0.24395752,11,1,0,,
11,-0.028564453,11,0.028564453,11,1,0,,
12,-0.017835617,12,0.017835617,12,1,0,,
13,0.25700283,13,-0.25700283,12,1,0,,
12,0.3802948,12,-0.3802948,12,1,0,,
13,0.4086628,13,-0.4086628,12,1,0,,
12,-0.17690754,12,0.17690754,12,1,0,,
12,0.005678177,12,-0.005678177,12,1,0,,
17,0.045633316,12,0.4155302,12,0,0.461163516,,
93,-0.048410416,93,0.048410416,12,1,0,,
12,0.18028831,12,-0.18028831,12,1,0,,
63,-0.5337753,63,0.5337753,12,1,0,,
41,0.24817753,41,-0.24817753,12,1,0,,
12,0.30417252,12,-0.30417252,12,1,0,,
12,0.07926369,12,-0.07926369,12,1,0,,
12,0.09969807,12,-0.09969807,12,1,0,,
67,-0.34807205,67,0.34807205,12,1,0,,
12,0.14972019,12,-0.14972019,12,1,0,,
12,0.34377003,12,-0.34377003,12,1,0,,
12,-0.051116943,12,0.051116943,12,1,0,,
12,0.14168167,12,-0.14168167,12,1,0,,
12,0.23201084,12,-0.23201084,12,1,0,,
12,0.20700741,12,-0.20700741,12,1,0,,
82,-0.13335705,82,0.13335705,12,1,0,,
12,0.022924423,12,-0.022924423,12,1,0,,
12,0.20013046,12,-0.20013046,12,1,0,,
12,0.059924126,11,0.17709446,12,0,0.237018586,,
12,0.093037605,12,-0.093037605,13,1,0,,
13,0.15043068,13,-0.15043068,13,1,0,,
12,0.13715935,12,-0.13715935,13,1,0,,
12,0.31956577,12,-0.31956577,13,1,0,,
14,0.11958122,14,-0.11958122,13,1,0,,
17,0.46619892,17,-0.46619892,13,1,0,,
13,0.27391624,13,-0.27391624,13,1,0,,
27,0.18128777,27,-0.18128777,13,1,0,,
13,0.003042221,13,-0.003042221,13,1,0,,
14,-0.1100235,14,0.1100235,13,1,0,,
13,0.1252346,13,-0.1252346,13,1,0,,
14,0.19275665,14,-0.19275665,13,1,0,,
13,0.5416908,13,-0.5416908,13,1,0,,
14,0.015193939,14,-0.015193939,13,1,0,,
12,0.04963684,17,0.018819809,13,0,0.068456649,,
17,-0.07508469,17,0.07508469,13,1,0,,
13,-0.0978775,13,0.0978775,13,1,0,,
13,0.157897,13,-0.157897,13,1,0,,
13,0.13975143,13,-0.13975143,13,1,0,,
13,0.22064972,13,-0.22064972,13,1,0,,
14,0.32163906,63,0.44855404,13,0,0.7701931,,
13,0.2730484,13,-0.2730484,13,1,0,,
13,0.27194405,13,-0.27194405,13,1,0,,
63,-0.3311739,63,0.3311739,13,1,0,,
13,0.028396606,13,-0.028396606,13,1,0,,
14,0.06687069,14,-0.06687069,14,1,0,,
14,-0.0025749207,14,0.0025749207,14,1,0,,
14,0.08631134,14,-0.08631134,14,1,0,,
14,0.12067413,14,-0.12067413,14,1,0,,
14,0.33013058,14,-0.33013058,14,1,0,,
17,0.23176289,17,-0.23176289,14,1,0,,
14,0.08057785,14,-0.08057785,14,1,0,,
14,0.18693447,14,-0.18693447,14,1,0,,
14,-0.01673317,14,0.01673317,14,1,0,,
14,0.10216904,14,-0.10216904,14,1,0,,
14,0.112555504,14,-0.112555504,14,1,0,,
22,0.018321037,22,-0.018321037,14,1,0,,
14,0.04887581,14,-0.04887581,14,1,0,,
14,0.037467003,14,-0.037467003,14,1,0,,
17,0.3634138,17,-0.3634138,14,1,0,,
14,-0.02235508,14,0.02235508,14,1,0,,
14,0.26363373,14,-0.26363373,14,1,0,,
14,-0.15662193,14,0.15662193,14,1,0,,
14,0.02425766,14,-0.02425766,14,1,0,,
14,0.1513176,14,-0.1513176,14,1,0,,
16,-0.12808514,16,0.12808514,14,1,0,,
20,0.24338531,20,-0.24338531,14,1,0,,
14,0.23719215,14,-0.23719215,14,1,0,,
14,0.17112541,14,-0.17112541,14,1,0,,
14,0.41578293,14,-0.41578293,14,1,0,,
15,0.12223816,15,-0.12223816,15,1,0,,
15,0.25846672,15,-0.25846672,15,1,0,,
15,0.3291273,15,-0.3291273,15,1,0,,
15,0.092879295,15,-0.092879295,15,1,0,,
15,0.21957684,15,-0.21957684,15,1,0,,
15,0.15560055,15,-0.15560055,15,1,0,,
15,0.41820908,15,-0.41820908,15,1,0,,
15,0.25330353,15,-0.25330353,15,1,0,,
15,0.27135754,15,-0.27135754,15,1,0,,
62,-0.38744926,63,0.6940479,15,0,0.30659864,,
15,0.11876106,15,-0.11876106,15,1,0,,
15,0.78868484,15,-0.78868484,15,1,0,,
15,0.17212772,15,-0.17212772,15,1,0,,
15,0.020503998,15,-0.020503998,15,1,0,,
15,0.3818226,15,-0.3818226,15,1,0,,
14,0.72512436,96,0.47968102,15,0,1.20480538,,
15,0.14045334,15,-0.14045334,15,1,0,,
15,0.08804321,15,-0.08804321,15,1,0,,
15,0.2069931,15,-0.2069931,15,1,0,,
15,0.22434711,15,-0.22434711,15,1,0,,
89,-0.22163773,89,0.22163773,15,1,0,,
15,0.061476707,15,-0.061476707,15,1,0,,
15,0.026533127,15,-0.026533127,15,1,0,,
15,0.0620718,15,-0.0620718,15,1,0,,
15,0.15778923,15,-0.15778923,15,1,0,,
16,-0.09619522,16,0.09619522,16,1,0,,
16,0.055812836,16,-0.055812836,16,1,0,,
16,0.35665894,16,-0.35665894,16,1,0,,
12,0.05940056,12,-0.05940056,16,1,0,,
16,0.086987495,16,-0.086987495,16,1,0,,
16,0.05453682,16,-0.05453682,16,1,0,,
16,0.24277687,16,-0.24277687,16,1,0,,
16,0.5170288,16,-0.5170288,16,1,0,,
97,-0.19780064,97,0.19780064,16,1,0,,
16,-0.040625572,16,0.040625572,16,1,0,,
16,0.10577297,16,-0.10577297,16,1,0,,
16,0.37078285,16,-0.37078285,16,1,0,,
16,0.093901634,16,-0.093901634,16,1,0,,
16,0.31070805,16,-0.31070805,16,1,0,,
96,-0.13591957,96,0.13591957,16,1,0,,
16,0.069374084,16,-0.069374084,16,1,0,,
16,-0.02204895,16,0.02204895,16,1,0,,
16,0.04785824,16,-0.04785824,16,1,0,,
16,0.22706413,16,-0.22706413,16,1,0,,
16,0.11412716,16,-0.11412716,16,1,0,,
16,0.1355772,16,-0.1355772,16,1,0,,
16,-0.06253624,16,0.06253624,16,1,0,,
16,-0.07943535,16,0.07943535,16,1,0,,
16,0.082603455,16,-0.082603455,16,1,0,,
16,0.060346603,16,-0.060346603,16,1,0,,
17,-0.042002678,17,0.042002678,17,1,0,,
17,0.31628227,17,-0.31628227,17,1,0,,
17,0.3504305,17,-0.3504305,17,1,0,,
19,0.2656603,19,-0.2656603,17,1,0,,
19,0.3455143,19,-0.3455143,17,1,0,,
17,0.47250462,17,-0.47250462,17,1,0,,
17,0.23341179,17,-0.23341179,17,1,0,,
17,0.4283495,17,-0.4283495,17,1,0,,
17,0.5010958,17,-0.5010958,17,1,0,,
19,0.32440662,19,-0.32440662,17,1,0,,
19,0.47502708,19,-0.47502708,17,1,0,,
17,0.26751328,17,-0.26751328,17,1,0,,
63,-0.33099365,63,0.33099365,17,1,0,,
17,0.08558273,17,-0.08558273,17,1,0,,
17,0.0982008,17,-0.0982008,17,1,0,,
17,0.32146835,17,-0.32146835,17,1,0,,
17,0.28780556,17,-0.28780556,17,1,0,,
17,0.18621826,17,-0.18621826,17,1,0,,
2,0.06404209,2,-0.06404209,17,1,0,,
17,0.3844881,17,-0.3844881,17,1,0,,
15,0.50833225,98,0.305974,17,0,0.81430625,,
17,0.22346401,17,-0.22346401,17,1,0,,
17,0.10641575,17,-0.10641575,17,1,0,,
17,0.35009003,17,-0.35009003,17,1,0,,
17,0.04970455,17,-0.04970455,17,1,0,,
22,0.18800545,22,-0.18800545,18,1,0,,
18,-0.1845932,18,0.1845932,18,1,0,,
18,0.31012726,18,-0.31012726,18,1,0,,
18,0.0019369125,18,-0.0019369125,18,1,0,,
18,0.36000538,18,-0.36000538,18,1,0,,
18,0.093164444,18,-0.093164444,18,1,0,,
18,0.11308384,18,-0.11308384,18,1,0,,
18,0.11989784,18,-0.11989784,18,1,0,,
26,0.20848083,26,-0.20848083,18,1,0,,
22,0.35346127,22,-0.35346127,18,1,0,,
22,0.31708336,22,-0.31708336,18,1,0,,
18,0.19496632,18,-0.19496632,18,1,0,,
18,0.17912292,18,-0.17912292,18,1,0,,
22,0.17902088,22,-0.17902088,18,1,0,,
18,0.1203804,18,-0.1203804,18,1,0,,
18,0.4700508,18,-0.4700508,18,1,0,,
22,0.2138176,22,-0.2138176,18,1,0,,
18,0.07149887,18,-0.07149887,18,1,0,,
18,0.2791996,18,-0.2791996,18,1,0,,
18,0.014807701,18,-0.014807701,18,1,0,,
18,0.017856598,18,-0.017856598,18,1,0,,
22,0.4848318,22,-0.4848318,18,1,0,,
69,-0.058193207,69,0.058193207,18,1,0,,
18,-0.014187813,18,0.014187813,18,1,0,,
18,0.29237747,18,-0.29237747,18,1,0,,
19,0.23544884,19,-0.23544884,19,1,0,,
19,0.24811363,19,-0.24811363,19,1,0,,
19,0.32717705,19,-0.32717705,19,1,0,,
86,-0.0664072,86,0.0664072,19,1,0,,
19,0.1868763,19,-0.1868763,19,1,0,,
19,0.13280296,19,-0.13280296,19,1,0,,
11,0.11436367,11,-0.11436367,19,1,0,,
19,0.2053318,19,-0.2053318,19,1,0,,
24,0.1274929,24,-0.1274929,19,1,0,,
82,-0.01822853,82,0.01822853,19,1,0,,
3,-0.13250923,3,0.13250923,19,1,0,,
22,0.24569893,19,0.098335266,19,0,0.344034196,,
52,0.2341423,68,0.21586227,19,0,0.45000457,,
89,-0.17136669,89,0.17136669,19,1,0,,
11,0.012537003,11,-0.012537003,19,1,0,,
19,0.2534647,19,-0.2534647,19,1,0,,
19,0.1113863,19,-0.1113863,19,1,0,,
24,-0.02863121,24,0.02863121,19,1,0,,
19,0.4877224,19,-0.4877224,19,1,0,,
19,0.33131695,98,0.5655613,19,0,0.89687825,,
19,0.19824123,19,-0.19824123,19,1,0,,
87,-0.057182312,97,0.38850594,19,0,0.331323628,,
63,-0.08063698,63,0.08063698,19,1,0,,
17,0.053349495,17,-0.053349495,19,1,0,,
19,0.018960953,19,-0.018960953,19,1,0,,
20,0.09517193,20,-0.09517193,20,1,0,,
20,0.17271996,20,-0.17271996,20,1,0,,
20,0.1271925,96,0.75522804,20,0,0.88242054,,
20,0.09755421,20,-0.09755421,20,1,0,,
20,0.41205502,20,-0.41205502,20,1,0,,
86,-0.4630251,86,0.4630251,20,1,0,,
20,0.11052132,20,-0.11052132,20,1,0,,
20,0.024665833,20,-0.024665833,20,1,0,,
20,0.18126202,20,-0.18126202,20,1,0,,
33,-0.23351955,33,0.23351955,20,1,0,,
26,-0.033927917,26,0.033927917,20,1,0,,
24,0.15959644,24,-0.15959644,20,1,0,,
96,0.15738964,96,-0.15738964,20,1,0,,
20,0.0697813,20,-0.0697813,20,1,0,,
20,0.062960625,20,-0.062960625,20,1,0,,
20,0.005701065,20,-0.005701065,20,1,0,,
20,0.26317406,20,-0.26317406,20,1,0,,
20,0.12456894,20,-0.12456894,20,1,0,,
20,-0.008556366,20,0.008556366,20,1,0,,
20,0.24236679,20,-0.24236679,20,1,0,,
20,0.12812614,20,-0.12812614,20,1,0,,
20,-0.18197346,26,0.34154224,20,0,0.15956878,,
75,-0.15643501,75,0.15643501,20,1,0,,
20,0.06292534,20,-0.06292534,20,1,0,,
20,0.03948593,20,-0.03948593,20,1,0,,
86,-0.04036808,86,0.04036808,21,1,0,,
19,0.022079468,19,-0.022079468,21,1,0,,
21,0.12631989,21,-0.12631989,21,1,0,,
21,-0.3570919,21,0.3570919,21,1,0,,
21,0.18337822,21,-0.18337822,21,1,0,,
21,0.15075874,21,-0.15075874,21,1,0,,
21,0.11489773,21,-0.11489773,21,1,0,,
21,0.06313801,21,-0.06313801,21,1,0,,
21,0.3797779,21,-0.3797779,21,1,0,,
21,0.0864563,21,-0.0864563,21,1,0,,
36,0.40853214,36,-0.40853214,21,1,0,,
21,0.09504032,21,-0.09504032,21,1,0,,
21,0.15860462,21,-0.15860462,21,1,0,,
6,0.27367973,6,-0.27367973,21,1,0,,
44,0.6433487,67,0.23869133,21,0,0.88204003,,
21,0.14240646,21,-0.14240646,21,1,0,,
21,0.12490845,21,-0.12490845,21,1,0,,
21,0.10344505,21,-0.10344505,21,1,0,,
21,0.38031864,21,-0.38031864,21,1,0,,
21,-0.13130474,21,0.13130474,21,1,0,,
21,0.10261345,21,-0.10261345,21,1,0,,
21,0.16585922,21,-0.16585922,21,1,0,,
54,0.24160862,54,-0.24160862,21,1,0,,
71,-0.20214748,71,0.20214748,21,1,0,,
77,-0.27005196,77,0.27005196,21,1,0,,
22,0.05523777,22,-0.05523777,22,1,0,,
19,0.29717255,19,-0.29717255,22,1,0,,
22,0.16591644,22,-0.16591644,22,1,0,,
22,0.094088554,22,-0.094088554,22,1,0,,
22,-0.12555599,22,0.12555599,22,1,0,,
22,0.2791357,22,-0.2791357,22,1,0,,
11,-0.19515419,11,0.19515419,22,1,0,,
18,0.28913403,20,-0.021497726,22,0,0.267636304,,
22,0.26889515,22,-0.26889515,22,1,0,,
96,-0.24590683,96,0.24590683,22,1,0,,
22,0.20220184,22,-0.20220184,22,1,0,,
22,0.3161373,22,-0.3161373,22,1,0,,
20,0.08425999,20,-0.08425999,22,1,0,,
22,0.30119896,22,-0.30119896,22,1,0,,
22,0.1252985,22,-0.1252985,22,1,0,,
22,0.03895855,22,-0.03895855,22,1,0,,
49,0.3534565,49,-0.3534565,22,1,0,,
22,-0.3537693,22,0.3537693,22,1,0,,
22,0.1640768,22,-0.1640768,22,1,0,,
22,-0.015524864,22,0.015524864,22,1,0,,
22,0.14806843,22,-0.14806843,22,1,0,,
22,0.017799377,22,-0.017799377,22,1,0,,
22,0.013965607,22,-0.013965607,22,1,0,,
22,0.5357113,22,-0.5357113,22,1,0,,
22,0.16073799,22,-0.16073799,22,1,0,,
23,0.028764725,23,-0.028764725,23,1,0,,
23,0.17380524,23,-0.17380524,23,1,0,,
63,-0.021081924,63,0.021081924,23,1,0,,
23,0.26034737,23,-0.26034737,23,1,0,,
23,0.10436821,23,-0.10436821,23,1,0,,
39,-0.20647812,39,0.20647812,23,1,0,,
23,0.3003025,23,-0.3003025,23,1,0,,
22,0.33392048,71,-0.103811264,23,0,0.230109216,,
32,0.45058155,32,-0.45058155,23,1,0,,
11,0.05760765,11,-0.05760765,23,1,0,,
23,0.11789322,23,-0.11789322,23,1,0,,
23,0.15407276,23,-0.15407276,23,1,0,,
23,0.09390259,23,-0.09390259,23,1,0,,
23,-0.031179428,23,0.031179428,23,1,0,,
23,0.103544235,23,-0.103544235,23,1,0,,
23,0.53440857,23,-0.53440857,23,1,0,,
15,0.53225803,15,-0.53225803,23,1,0,,
23,0.20120049,23,-0.20120049,23,1,0,,
16,0.11923885,16,-0.11923885,23,1,0,,
23,0.3289528,23,-0.3289528,23,1,0,,
22,0.06282425,22,-0.06282425,23,1,0,,
23,0.11337662,23,-0.11337662,23,1,0,,
23,0.43758202,23,-0.43758202,23,1,0,,
24,0.261302,24,-0.261302,23,1,0,,
23,0.39091492,23,-0.39091492,23,1,0,,
26,-0.032333374,26,0.032333374,24,1,0,,
63,-0.13676739,63,0.13676739,24,1,0,,
24,0.28647804,24,-0.28647804,24,1,0,,
14,0.14964867,14,-0.14964867,24,1,0,,
24,0.1087513,24,-0.1087513,24,1,0,,
24,0.41629887,24,-0.41629887,24,1,0,,
24,0.27994633,24,-0.27994633,24,1,0,,
24,0.14780235,24,-0.14780235,24,1,0,,
24,0.0028295517,24,-0.0028295517,24,1,0,,
24,0.3112564,24,-0.3112564,24,1,0,,
24,0.3247137,24,-0.3247137,24,1,0,,
24,0.35015106,24,-0.35015106,24,1,0,,
24,0.24469185,24,-0.24469185,24,1,0,,
24,0.13266182,96,0.17262363,24,0,0.30528545,,
24,0.018274307,24,-0.018274307,24,1,0,,
26,0.104561806,26,-0.104561806,24,1,0,,
24,0.21273613,24,-0.21273613,24,1,0,,
24,0.25843334,24,-0.25843334,24,1,0,,
24,0.35856056,24,-0.35856056,24,1,0,,
24,0.061291695,24,-0.061291695,24,1,0,,
24,0.49601078,24,-0.49601078,24,1,0,,
24,0.28794193,24,-0.28794193,24,1,0,,
24,0.14527798,24,-0.14527798,24,1,0,,
24,0.2577629,24,-0.2577629,24,1,0,,
24,-0.016540527,24,0.016540527,24,1,0,,
25,0.19879723,25,-0.19879723,25,1,0,,
25,0.24224377,25,-0.24224377,25,1,0,,
25,0.037978172,27,0.13887787,25,0,0.176856042,,
25,0.19032383,25,-0.19032383,25,1,0,,
25,0.3214035,25,-0.3214035,25,1,0,,
25,0.20005417,25,-0.20005417,25,1,0,,
26,0.29480457,26,-0.29480457,25,1,0,,
12,0.2708578,25,0.108192444,25,0,0.379050244,,
32,0.17223454,32,-0.17223454,25,1,0,,
25,0.09388542,25,-0.09388542,25,1,0,,
25,0.056414604,25,-0.056414604,25,1,0,,
25,0.2337141,25,-0.2337141,25,1,0,,
25,0.11531258,25,-0.11531258,25,1,0,,
27,-0.12299156,27,0.12299156,25,1,0,,
25,0.14722633,25,-0.14722633,25,1,0,,
25,0.030290604,25,-0.030290604,25,1,0,,
24,0.31789303,24,-0.31789303,25,1,0,,
25,0.15763569,25,-0.15763569,25,1,0,,
25,0.1208477,25,-0.1208477,25,1,0,,
25,0.12306595,25,-0.12306595,25,1,0,,
25,0.086289406,25,-0.086289406,25,1,0,,
25,0.13784122,25,-0.13784122,25,1,0,,
25,0.36039352,25,-0.36039352,25,1,0,,
25,0.5588932,25,-0.5588932,25,1,0,,
25,0.28012943,25,-0.28012943,25,1,0,,
26,0.085668564,26,-0.085668564,26,1,0,,
26,0.22129631,26,-0.22129631,26,1,0,,
24,0.20178223,24,-0.20178223,26,1,0,,
26,0.04395771,26,-0.04395771,26,1,0,,
26,0.31023216,26,-0.31023216,26,1,0,,
26,0.13929844,26,-0.13929844,26,1,0,,
26,0.21255112,26,-0.21255112,26,1,0,,
26,-0.053754807,26,0.053754807,26,1,0,,
24,0.0052518845,24,-0.0052518845,26,1,0,,
26,0.09496498,26,-0.09496498,26,1,0,,
26,-0.12127113,26,0.12127113,26,1,0,,
28,0.121349335,1,0.11161995,26,0,0.232969285,,
19,0.114851,19,-0.114851,26,1,0,,
96,-0.3821621,96,0.3821621,26,1,0,,
26,0.034404755,26,-0.034404755,26,1,0,,
24,0.3095169,24,-0.3095169,26,1,0,,
94,0.056653023,94,-0.056653023,26,1,0,,
26,0.19865513,26,-0.19865513,26,1,0,,
26,-0.1670103,26,0.1670103,26,1,0,,
26,0.24980545,26,-0.24980545,26,1,0,,
14,0.2337389,14,-0.2337389,26,1,0,,
26,0.00800705,26,-0.00800705,26,1,0,,
97,-0.211092,97,0.211092,26,1,0,,
14,0.06770229,14,-0.06770229,26,1,0,,
20,0.17296886,20,-0.17296886,26,1,0,,
27,0.013900757,27,-0.013900757,27,1,0,,
98,-0.28633308,98,0.28633308,27,1,0,,
27,0.1507349,27,-0.1507349,27,1,0,,
27,0.14186954,27,-0.14186954,27,1,0,,
27,0.29161835,27,-0.29161835,27,1,0,,
27,0.33241367,27,-0.33241367,27,1,0,,
27,0.34803772,27,-0.34803772,27,1,0,,
27,0.14092064,27,-0.14092064,27,1,0,,
27,0.09232807,27,-0.09232807,27,1,0,,
24,0.16008472,24,-0.16008472,27,1,0,,
27,0.27031708,27,-0.27031708,27,1,0,,
19,0.26665783,19,-0.26665783,27,1,0,,
27,0.03463459,27,-0.03463459,27,1,0,,
27,0.3134508,27,-0.3134508,27,1,0,,
24,0.11077118,24,-0.11077118,27,1,0,,
27,-0.07817364,27,0.07817364,27,1,0,,
13,-0.19239807,13,0.19239807,27,1,0,,
27,0.21196079,99,0.23994255,27,0,0.45190334,,
27,0.20359993,27,-0.20359993,27,1,0,,
27,0.19696426,27,-0.19696426,27,1,0,,
12,0.16897488,12,-0.16897488,27,1,0,,
98,-0.24270344,98,0.24270344,27,1,0,,
27,0.1644144,27,-0.1644144,27,1,0,,
27,0.059023857,27,-0.059023857,27,1,0,,
27,0.32668686,27,-0.32668686,27,1,0,,
28,0.01762104,28,-0.01762104,28,1,0,,
28,0.29727077,28,-0.29727077,28,1,0,,
28,-0.07614899,28,0.07614899,28,1,0,,
28,0.18999672,28,-0.18999672,28,1,0,,
28,0.40940094,28,-0.40940094,28,1,0,,
28,0.22117233,28,-0.22117233,28,1,0,,
28,0.09280968,28,-0.09280968,28,1,0,,
25,0.24021626,25,-0.24021626,28,1,0,,
28,-0.14180946,28,0.14180946,28,1,0,,
28,0.07467556,28,-0.07467556,28,1,0,,
28,0.24791908,28,-0.24791908,28,1,0,,
28,0.022853851,28,-0.022853851,28,1,0,,
28,0.17568779,28,-0.17568779,28,1,0,,
28,-0.28332043,28,0.28332043,28,1,0,,
28,0.2261877,28,-0.2261877,28,1,0,,
28,0.18527794,28,-0.18527794,28,1,0,,
28,-0.010451317,28,0.010451317,28,1,0,,
28,0.06578255,28,-0.06578255,28,1,0,,
28,0.18170643,28,-0.18170643,28,1,0,,
28,-0.06453037,28,0.06453037,28,1,0,,
33,-0.07738876,33,0.07738876,28,1,0,,
28,0.19656658,28,-0.19656658,28,1,0,,
16,0.23066711,16,-0.23066711,28,1,0,,
28,0.12741566,28,-0.12741566,28,1,0,,
28,0.12780571,28,-0.12780571,28,1,0,,
29,0.17830467,29,-0.17830467,29,1,0,,
0,0.14374638,0,-0.14374638,29,1,0,,
29,0.25905323,29,-0.25905323,29,1,0,,
29,0.059138298,29,-0.059138298,29,1,0,,
29,0.49953938,29,-0.49953938,29,1,0,,
29,0.16486168,29,-0.16486168,29,1,0,,
29,0.08894253,29,-0.08894253,29,1,0,,
29,0.41490555,29,-0.41490555,29,1,0,,
29,0.27462196,29,-0.27462196,29,1,0,,
29,0.14547634,29,-0.14547634,29,1,0,,
29,0.15464783,29,-0.15464783,29,1,0,,
29,0.2445221,29,-0.2445221,29,1,0,,
29,-0.058095932,29,0.058095932,29,1,0,,
29,0.16322613,29,-0.16322613,29,1,0,,
29,0.05851364,29,-0.05851364,29,1,0,,
29,0.22750378,29,-0.22750378,29,1,0,,
4,0.070755005,4,-0.070755005,29,1,0,,
29,0.19093609,29,-0.19093609,29,1,0,,
29,0.08779335,29,-0.08779335,29,1,0,,
4,0.1652546,4,-0.1652546,29,1,0,,
29,0.036528587,29,-0.036528587,29,1,0,,
94,-0.13015175,94,0.13015175,29,1,0,,
29,-0.05221939,29,0.05221939,29,1,0,,
99,-0.2425642,99,0.2425642,29,1,0,,
29,0.01571083,29,-0.01571083,29,1,0,,
30,0.34649372,30,-0.34649372,30,1,0,,
30,0.056295395,30,-0.056295395,30,1,0,,
93,-0.1439333,93,0.1439333,30,1,0,,
29,0.26001358,29,-0.26001358,30,1,0,,
30,0.12368584,30,-0.12368584,30,1,0,,
30,0.24220848,30,-0.24220848,30,1,0,,
30,0.3335266,30,-0.3335266,30,1,0,,
36,0.17967796,63,0.12344742,30,0,0.30312538,,
30,0.28813362,30,-0.28813362,30,1,0,,
99,-0.11029053,99,0.11029053,30,1,0,,
30,0.2362032,30,-0.2362032,30,1,0,,
30,0.27140522,30,-0.27140522,30,1,0,,
31,0.13097954,31,-0.13097954,30,1,0,,
30,0.08860874,30,-0.08860874,30,1,0,,
30,0.15387344,30,-0.15387344,30,1,0,,
30,0.1983118,30,-0.1983118,30,1,0,,
30,-0.006857872,30,0.006857872,30,1,0,,
31,0.11082268,31,-0.11082268,30,1,0,,
30,0.7368412,30,-0.7368412,30,1,0,,
30,0.27583313,30,-0.27583313,30,1,0,,
77,0.067378044,77,-0.067378044,30,1,0,,
30,0.24995804,30,-0.24995804,30,1,0,,
12,0.3366089,12,-0.3366089,30,1,0,,
30,0.14251709,30,-0.14251709,30,1,0,,
30,0.16492462,30,-0.16492462,30,1,0,,
31,0.30354118,95,-0.16158867,31,0,0.14195251,,
31,0.41753387,31,-0.41753387,31,1,0,,
4,-0.020998001,4,0.020998001,31,1,0,,
31,0.02300644,31,-0.02300644,31,1,0,,
91,0.10610199,91,-0.10610199,31,1,0,,
57,0.07994652,57,-0.07994652,31,1,0,,
31,0.52654934,31,-0.52654934,31,1,0,,
44,0.15499687,60,0.22113895,31,0,0.37613582,,
60,-0.20121288,60,0.20121288,31,1,0,,
31,0.55807495,31,-0.55807495,31,1,0,,
31,-0.012090683,31,0.012090683,31,1,0,,
3,0.26500988,3,-0.26500988,31,1,0,,
31,0.31255436,31,-0.31255436,31,1,0,,
66,-0.1866808,66,0.1866808,31,1,0,,
97,0.07108116,97,-0.07108116,31,1,0,,
31,0.43854427,31,-0.43854427,31,1,0,,
31,0.19876575,31,-0.19876575,31,1,0,,
31,0.26840305,31,-0.26840305,31,1,0,,
89,-0.093645096,89,0.093645096,31,1,0,,
4,0.082268715,4,-0.082268715,31,1,0,,
31,0.57196426,31,-0.57196426,31,1,0,,
4,0.14855957,4,-0.14855957,31,1,0,,
31,0.13805962,31,-0.13805962,31,1,0,,
31,0.29130936,31,-0.29130936,31,1,0,,
31,0.15618515,31,-0.15618515,31,1,0,,
32,0.09195709,32,-0.09195709,32,1,0,,
32,0.10542488,32,-0.10542488,32,1,0,,
32,0.15988255,32,-0.15988255,32,1,0,,
32,0.28558445,32,-0.28558445,32,1,0,,
32,0.5668392,32,-0.5668392,32,1,0,,
20,0.00025463104,20,-0.00025463104,32,1,0,,
32,0.2414589,32,-0.2414589,32,1,0,,
32,0.106318474,32,-0.106318474,32,1,0,,
32,0.3912382,32,-0.3912382,32,1,0,,
25,0.17549324,25,-0.17549324,32,1,0,,
42,0.3103199,20,0.12740707,32,0,0.43772697,,
32,0.3518467,32,-0.3518467,32,1,0,,
62,-0.233984,62,0.233984,32,1,0,,
32,0.37740326,32,-0.37740326,32,1,0,,
32,0.072169304,32,-0.072169304,32,1,0,,
63,-0.107378006,63,0.107378006,32,1,0,,
32,0.20011806,32,-0.20011806,32,1,0,,
32,0.24992847,32,-0.24992847,32,1,0,,
32,0.5446453,32,-0.5446453,32,1,0,,
32,0.22634888,32,-0.22634888,32,1,0,,
63,-0.17500782,63,0.17500782,32,1,0,,
6,0.53822994,26,0.26820564,32,0,0.80643558,,
32,0.043977737,32,-0.043977737,32,1,0,,
32,0.25720978,32,-0.25720978,32,1,0,,
11,-0.014224052,11,0.014224052,32,1,0,,
33,-0.03751564,33,0.03751564,33,1,0,,
33,0.0687561,33,-0.0687561,33,1,0,,
31,0.10010147,31,-0.10010147,33,1,0,,
33,-0.07569027,33,0.07569027,33,1,0,,
33,0.119068146,33,-0.119068146,33,1,0,,
33,0.22520351,33,-0.22520351,33,1,0,,
33,0.037555695,33,-0.037555695,33,1,0,,
99,-0.40018463,99,0.40018463,33,1,0,,
99,-0.03679657,99,0.03679657,33,1,0,,
33,-0.016464233,33,0.016464233,33,1,0,,
33,0.13604355,33,-0.13604355,33,1,0,,
33,-0.051140785,33,0.051140785,33,1,0,,
0,-0.07091713,0,0.07091713,33,1,0,,
33,-0.14922047,33,0.14922047,33,1,0,,
98,-0.033638954,98,0.033638954,33,1,0,,
33,-0.102705,33,0.102705,33,1,0,,
33,0.22632408,33,-0.22632408,33,1,0,,
33,0.0447855,33,-0.0447855,33,1,0,,
33,0.023946762,33,-0.023946762,33,1,0,,
33,0.24145317,33,-0.24145317,33,1,0,,
1,0.10735035,1,-0.10735035,33,1,0,,
16,0.10498333,16,-0.10498333,33,1,0,,
33,0.2485323,33,-0.2485323,33,1,0,,
33,-0.08100605,33,0.08100605,33,1,0,,
33,0.16826534,33,-0.16826534,33,1,0,,
34,0.09470177,34,-0.09470177,34,1,0,,
34,-0.07100105,34,0.07100105,34,1,0,,
34,0.013157845,34,-0.013157845,34,1,0,,
34,0.04365635,34,-0.04365635,34,1,0,,
34,0.4426403,34,-0.4426403,34,1,0,,
34,0.23420429,34,-0.23420429,34,1,0,,
34,0.4569626,34,-0.4569626,34,1,0,,
34,0.15315914,34,-0.15315914,34,1,0,,
34,0.06834221,34,-0.06834221,34,1,0,,
34,0.13083172,34,-0.13083172,34,1,0,,
34,0.13229561,34,-0.13229561,34,1,0,,
34,0.13149643,34,-0.13149643,34,1,0,,
34,0.15609837,34,-0.15609837,34,1,0,,
34,-0.07788944,34,0.07788944,34,1,0,,
34,0.11583614,34,-0.11583614,34,1,0,,
34,0.14975548,34,-0.14975548,34,1,0,,
34,0.24732018,34,-0.24732018,34,1,0,,
34,0.062208176,34,-0.062208176,34,1,0,,
34,0.18612862,34,-0.18612862,34,1,0,,
34,0.021965027,34,-0.021965027,34,1,0,,
34,0.07328987,34,-0.07328987,34,1,0,,
34,-0.23164272,34,0.23164272,34,1,0,,
34,0.15599537,34,-0.15599537,34,1,0,,
34,0.03131771,34,-0.03131771,34,1,0,,
34,0.32732487,34,-0.32732487,34,1,0,,
35,0.12940025,35,-0.12940025,35,1,0,,
35,0.05500889,35,-0.05500889,35,1,0,,
35,0.07686138,35,-0.07686138,35,1,0,,
35,-0.052618027,35,0.052618027,35,1,0,,
35,0.1659975,35,-0.1659975,35,1,0,,
35,0.16830254,35,-0.16830254,35,1,0,,
35,0.08745575,35,-0.08745575,35,1,0,,
35,0.235178,35,-0.235178,35,1,0,,
35,0.14255714,35,-0.14255714,35,1,0,,
35,-0.0072612762,35,0.0072612762,35,1,0,,
35,0.03243065,35,-0.03243065,35,1,0,,
35,0.09340477,35,-0.09340477,35,1,0,,
64,-0.31636047,64,0.31636047,35,1,0,,
66,0.13875961,66,-0.13875961,35,1,0,,
35,0.11421108,35,-0.11421108,35,1,0,,
35,0.021834373,35,-0.021834373,35,1,0,,
35,0.17748642,35,-0.17748642,35,1,0,,
35,0.019292831,35,-0.019292831,35,1,0,,
52,0.5683212,52,-0.5683212,35,1,0,,
35,0.19198036,35,-0.19198036,35,1,0,,
35,0.20075035,35,-0.20075035,35,1,0,,
92,0.19251823,92,-0.19251823,35,1,0,,
35,0.046325684,35,-0.046325684,35,1,0,,
35,0.07073593,35,-0.07073593,35,1,0,,
35,0.108777046,35,-0.108777046,35,1,0,,
36,-0.03472042,36,0.03472042,36,1,0,,
36,0.30356026,36,-0.30356026,36,1,0,,
85,-0.5380888,85,0.5380888,36,1,0,,
36,0.2573328,36,-0.2573328,36,1,0,,
38,0.07159996,38,-0.07159996,36,1,0,,
37,0.43289566,37,-0.43289566,36,1,0,,
72,-0.09025574,72,0.09025574,36,1,0,,
36,0.34015274,36,-0.34015274,36,1,0,,
21,0.12173271,21,-0.12173271,36,1,0,,
75,-0.24564171,75,0.24564171,36,1,0,,
88,0.08759022,88,-0.08759022,36,1,0,,
46,0.20147324,46,-0.20147324,36,1,0,,
74,-0.030015945,75,0.19767475,36,0,0.167658805,,
36,0.02325821,36,-0.02325821,36,1,0,,
7,0.19014168,7,-0.19014168,36,1,0,,
36,0.25445938,36,-0.25445938,36,1,0,,
36,0.20511055,36,-0.20511055,36,1,0,,
36,0.19238663,36,-0.19238663,36,1,0,,
63,-0.37918186,63,0.37918186,36,1,0,,
36,0.3511448,36,-0.3511448,36,1,0,,
78,-0.09291172,78,0.09291172,36,1,0,,
36,0.47361374,36,-0.47361374,36,1,0,,
88,-0.11538315,88,0.11538315,36,1,0,,
36,0.28918743,36,-0.28918743,36,1,0,,
84,-0.27557945,84,0.27557945,36,1,0,,
37,0.37478065,37,-0.37478065,37,1,0,,
89,0.15286064,89,-0.15286064,37,1,0,,
37,0.5588684,37,-0.5588684,37,1,0,,
37,0.30774975,37,-0.30774975,37,1,0,,
37,0.23148727,37,-0.23148727,37,1,0,,
37,0.40213013,37,-0.40213013,37,1,0,,
39,0.08859444,39,-0.08859444,37,1,0,,
37,0.24532032,37,-0.24532032,37,1,0,,
37,0.46491432,37,-0.46491432,37,1,0,,
37,0.42968273,37,-0.42968273,37,1,0,,
37,0.5535736,37,-0.5535736,37,1,0,,
37,0.30354595,37,-0.30354595,37,1,0,,
37,0.41513634,37,-0.41513634,37,1,0,,
48,0.07322407,48,-0.07322407,37,1,0,,
67,-0.01574707,67,0.01574707,37,1,0,,
37,0.24709702,65,-0.027522087,37,0,0.219574933,,
37,0.3190174,37,-0.3190174,37,1,0,,
37,0.34034348,37,-0.34034348,37,1,0,,
37,0.33166122,37,-0.33166122,37,1,0,,
37,0.36226082,37,-0.36226082,37,1,0,,
37,0.328537,37,-0.328537,37,1,0,,
37,0.23016167,37,-0.23016167,37,1,0,,
37,0.49599266,36,-0.07972431,37,0,0.41626835,,
37,0.42656422,37,-0.42656422,37,1,0,,
36,0.12471676,36,-0.12471676,37,1,0,,
38,0.33218002,38,-0.33218002,38,1,0,,
72,-0.13227749,72,0.13227749,38,1,0,,
38,0.26554775,38,-0.26554775,38,1,0,,
67,0.25186062,67,-0.25186062,38,1,0,,
38,0.13827991,38,-0.13827991,38,1,0,,
73,-0.120183945,73,0.120183945,38,1,0,,
38,0.265831,38,-0.265831,38,1,0,,
41,-0.055692673,41,0.055692673,38,1,0,,
36,0.47469044,95,0.18781662,38,0,0.66250706,,
38,0.1726551,38,-0.1726551,38,1,0,,
88,0.09597397,73,0.023023605,38,0,0.118997575,,
47,0.46226692,47,-0.46226692,38,1,0,,
94,-0.05029583,94,0.05029583,38,1,0,,
38,0.059755325,38,-0.059755325,38,1,0,,
38,-0.03897381,38,0.03897381,38,1,0,,
38,0.16777802,38,-0.16777802,38,1,0,,
38,0.31751633,38,-0.31751633,38,1,0,,
38,0.31206894,61,0.122060776,38,0,0.434129716,,
38,0.20566845,89,0.21254921,38,0,0.41821766,,
38,0.113594055,38,-0.113594055,38,1,0,,
38,0.40276337,38,-0.40276337,38,1,0,,
93,-0.26860237,63,0.65896606,38,0,0.39036369,,
77,-0.06300545,77,0.06300545,38,1,0,,
37,0.23240662,67,0.53012276,38,0,0.76252938,,
67,-0.09253311,67,0.09253311,38,1,0,,
39,0.1424284,39,-0.1424284,39,1,0,,
39,0.002696991,39,-0.002696991,39,1,0,,
84,-0.23973942,84,0.23973942,39,1,0,,
39,-0.10467434,39,0.10467434,39,1,0,,
39,0.10874176,39,-0.10874176,39,1,0,,
39,0.020133018,39,-0.020133018,39,1,0,,
39,0.26690865,39,-0.26690865,39,1,0,,
39,0.545063,3,0.46382332,39,0,1.00888632,,
39,-0.15696812,39,0.15696812,39,1,0,,
39,0.07615185,39,-0.07615185,39,1,0,,
38,0.4007969,38,-0.4007969,39,1,0,,
39,0.06766987,39,-0.06766987,39,1,0,,
84,0.08074188,84,-0.08074188,39,1,0,,
39,0.07671642,39,-0.07671642,39,1,0,,
39,0.13084602,39,-0.13084602,39,1,0,,
39,0.26955318,39,-0.26955318,39,1,0,,
39,0.16896343,39,-0.16896343,39,1,0,,
84,-0.049861908,84,0.049861908,39,1,0,,
39,-0.07595348,39,0.07595348,39,1,0,,
91,0.15226173,91,-0.15226173,39,1,0,,
39,-0.33230495,39,0.33230495,39,1,0,,
76,-0.26644135,76,0.26644135,39,1,0,,
39,0.06064129,39,-0.06064129,39,1,0,,
39,-0.021873474,39,0.021873474,39,1,0,,
76,-0.14586449,76,0.14586449,39,1,0,,
40,0.11550808,40,-0.11550808,40,1,0,,
40,0.2999916,40,-0.2999916,40,1,0,,
40,-0.29186058,40,0.29186058,40,1,0,,
78,-0.22195339,78,0.22195339,40,1,0,,
85,-0.10411835,91,0.25491905,40,0,0.1508007,,
40,0.19360733,81,0.059928894,40,0,0.253536224,,
56,0.07271767,96,0.39193153,40,0,0.4646492,,
40,0.33909416,40,-0.33909416,40,1,0,,
35,0.03256607,35,-0.03256607,40,1,0,,
40,0.3472004,40,-0.3472004,40,1,0,,
87,-0.190135,87,0.190135,40,1,0,,
51,0.10490799,51,-0.10490799,40,1,0,,
68,0.229393,79,0.26796055,40,0,0.49735355,,
40,0.14950848,40,-0.14950848,40,1,0,,
40,0.15525627,40,-0.15525627,40,1,0,,
96,-0.31811333,96,0.31811333,40,1,0,,
40,0.23676395,40,-0.23676395,40,1,0,,
40,0.05011654,40,-0.05011654,40,1,0,,
35,0.12409687,35,-0.12409687,40,1,0,,
71,-0.12909126,71,0.12909126,40,1,0,,
40,-0.02172947,40,0.02172947,40,1,0,,
81,-0.09532261,74,0.3196869,40,0,0.22436429,,
49,0.16827011,49,-0.16827011,40,1,0,,
81,-0.17340946,81,0.17340946,40,1,0,,
40,0.07283306,40,-0.07283306,40,1,0,,
41,0.36015892,41,-0.36015892,41,1,0,,
41,0.25203133,41,-0.25203133,41,1,0,,
41,0.05612564,41,-0.05612564,41,1,0,,
41,0.2029419,41,-0.2029419,41,1,0,,
41,0.29712486,41,-0.29712486,41,1,0,,
75,-0.034438133,75,0.034438133,41,1,0,,
41,0.06703186,41,-0.06703186,41,1,0,,
41,0.6906481,41,-0.6906481,41,1,0,,
41,0.30137062,41,-0.30137062,41,1,0,,
41,0.13011932,41,-0.13011932,41,1,0,,
41,0.11148071,41,-0.11148071,41,1,0,,
41,-0.35534668,41,0.35534668,41,1,0,,
41,0.12905312,41,-0.12905312,41,1,0,,
67,0.0789423,67,-0.0789423,41,1,0,,
80,0.10753822,80,-0.10753822,41,1,0,,
41,0.47704506,41,-0.47704506,41,1,0,,
41,0.12750626,41,-0.12750626,41,1,0,,
41,0.21145153,41,-0.21145153,41,1,0,,
41,0.08640289,41,-0.08640289,41,1,0,,
41,0.24723816,41,-0.24723816,41,1,0,,
41,0.11762619,41,-0.11762619,41,1,0,,
41,0.098916054,41,-0.098916054,41,1,0,,
56,-0.025532722,56,0.025532722,41,1,0,,
41,0.3171482,41,-0.3171482,41,1,0,,
97,0.16262722,97,-0.16262722,41,1,0,,
42,0.041448593,42,-0.041448593,42,1,0,,
76,-0.28431702,76,0.28431702,42,1,0,,
48,0.23349762,42,-0.034734726,42,0,0.198762894,,
42,0.06633568,42,-0.06633568,42,1,0,,
42,-0.049110413,42,0.049110413,42,1,0,,
42,0.13547897,42,-0.13547897,42,1,0,,
42,-0.1117363,42,0.1117363,42,1,0,,
42,-0.04114151,42,0.04114151,42,1,0,,
62,-0.070521355,62,0.070521355,42,1,0,,
48,-0.0021429062,48,0.0021429062,42,1,0,,
42,0.1541462,42,-0.1541462,42,1,0,,
42,0.0040750504,42,-0.0040750504,42,1,0,,
63,-0.1332798,63,0.1332798,42,1,0,,
42,-0.053081512,42,0.053081512,42,1,0,,
42,0.08051586,42,-0.08051586,42,1,0,,
53,0.3943758,53,-0.3943758,42,1,0,,
42,-0.20414639,42,0.20414639,42,1,0,,
42,0.090584755,42,-0.090584755,42,1,0,,
53,-0.034418106,53,0.034418106,42,1,0,,
42,0.104824066,42,-0.104824066,42,1,0,,
42,0.12993908,42,-0.12993908,42,1,0,,
42,0.19212723,42,-0.19212723,42,1,0,,
42,-0.26804733,42,0.26804733,42,1,0,,
42,0.015155792,42,-0.015155792,42,1,0,,
67,-0.28674412,67,0.28674412,42,1,0,,
8,0.2763939,8,-0.2763939,43,1,0,,
43,0.24200821,43,-0.24200821,43,1,0,,
43,0.30555916,43,-0.30555916,43,1,0,,
43,0.21399689,43,-0.21399689,43,1,0,,
43,0.17092896,43,-0.17092896,43,1,0,,
43,0.13033581,43,-0.13033581,43,1,0,,
78,-0.26264954,78,0.26264954,43,1,0,,
43,0.16307259,43,-0.16307259,43,1,0,,
43,0.09385872,43,-0.09385872,43,1,0,,
43,-0.04527569,43,0.04527569,43,1,0,,
43,0.19511795,43,-0.19511795,43,1,0,,
43,-0.09657383,43,0.09657383,43,1,0,,
43,0.23024464,43,-0.23024464,43,1,0,,
90,0.23538971,90,-0.23538971,43,1,0,,
90,0.49567032,90,-0.49567032,43,1,0,,
43,0.20712471,43,-0.20712471,43,1,0,,
78,-0.07114029,78,0.07114029,43,1,0,,
43,0.13657379,43,-0.13657379,43,1,0,,
90,0.10247421,78,0.13659763,43,0,0.23907184,,
43,0.13063812,43,-0.13063812,43,1,0,,
35,0.10115337,35,-0.10115337,43,1,0,,
43,0.20992374,43,-0.20992374,43,1,0,,
43,0.22644901,43,-0.22644901,43,1,0,,
43,0.2152834,43,-0.2152834,43,1,0,,
43,0.19895172,43,-0.19895172,43,1,0,,
55,0.0847044,55,-0.0847044,44,1,0,,
61,0.19825935,61,-0.19825935,44,1,0,,
60,-0.012259483,60,0.012259483,44,1,0,,
57,0.0815897,57,-0.0815897,44,1,0,,
44,0.026414871,44,-0.026414871,44,1,0,,
67,-0.13580418,67,0.13580418,44,1,0,,
44,0.17029667,44,-0.17029667,44,1,0,,
44,0.77339935,44,-0.77339935,44,1,0,,
44,0.48204422,44,-0.48204422,44,1,0,,
44,0.3536911,73,-0.07590389,44,0,0.27778721,,
44,0.35102272,44,-0.35102272,44,1,0,,
63,0.2703581,63,-0.2703581,44,1,0,,
44,0.23366451,44,-0.23366451,44,1,0,,
44,0.4953251,44,-0.4953251,44,1,0,,
44,0.2903366,44,-0.2903366,44,1,0,,
44,0.34234428,44,-0.34234428,44,1,0,,
44,0.20798874,44,-0.20798874,44,1,0,,
44,0.39816475,92,0.20221329,44,0,0.60037804,,
59,0.39087105,59,-0.39087105,44,1,0,,
67,-0.25240707,67,0.25240707,44,1,0,,
83,-0.107354164,83,0.107354164,44,1,0,,
44,0.2162714,44,-0.2162714,44,1,0,,
91,0.13121986,91,-0.13121986,44,1,0,,
44,0.15477657,44,-0.15477657,44,1,0,,
44,0.074204445,60,-0.011276245,44,0,0.0629282,,
22,1.0436363,63,0.02935505,45,0,1.07299135,,
87,0.15147018,87,-0.15147018,45,1,0,,
45,0.4628601,45,-0.4628601,45,1,0,,
45,0.7829647,45,-0.7829647,45,1,0,,
45,0.24254036,61,0.15203667,45,0,0.39457703,,
71,-0.20595741,71,0.20595741,45,1,0,,
57,0.09721756,57,-0.09721756,45,1,0,,
82,-0.27440834,82,0.27440834,45,1,0,,
57,-0.113827705,57,0.113827705,45,1,0,,
65,-0.06862831,65,0.06862831,45,1,0,,
45,0.28310394,45,-0.28310394,45,1,0,,
45,0.31736183,45,-0.31736183,45,1,0,,
32,0.51636124,73,0.19884014,45,0,0.71520138,,
69,-0.29860687,69,0.29860687,45,1,0,,
75,0.09878731,75,-0.09878731,45,1,0,,
45,0.51337624,65,0.008010864,45,0,0.521387104,,
86,-0.3467121,86,0.3467121,45,1,0,,
93,-0.13158512,63,0.2359848,45,0,0.10439968,,
45,0.22999287,45,-0.22999287,45,1,0,,
86,-0.43022537,86,0.43022537,45,1,0,,
45,0.3078785,45,-0.3078785,45,1,0,,
94,-0.108431816,94,0.108431816,45,1,0,,
63,-0.5182476,85,0.63160133,45,0,0.11335373,,
69,-0.30062294,69,0.30062294,45,1,0,,
65,0.0063877106,65,-0.0063877106,45,1,0,,
45,0.4692917,45,-0.4692917,46,1,0,,
46,0.29223824,46,-0.29223824,46,1,0,,
41,0.016142845,41,-0.016142845,46,1,0,,
46,0.23963356,46,-0.23963356,46,1,0,,
93,-0.12095833,93,0.12095833,46,1,0,,
41,-0.059123993,41,0.059123993,46,1,0,,
93,-0.119945526,93,0.119945526,46,1,0,,
46,0.23371983,46,-0.23371983,46,1,0,,
42,0.24560261,42,-0.24560261,46,1,0,,
46,0.23932457,46,-0.23932457,46,1,0,,
46,-0.0038223267,46,0.0038223267,46,1,0,,
39,-0.27532673,39,0.27532673,46,1,0,,
46,0.06620693,46,-0.06620693,46,1,0,,
46,0.1510849,62,0.13327885,46,0,0.28436375,,
79,0.11714172,63,0.44661427,46,0,0.56375599,,
46,0.4550228,46,-0.4550228,46,1,0,,
46,0.21847153,46,-0.21847153,46,1,0,,
46,0.1405201,46,-0.1405201,46,1,0,,
87,0.050528526,87,-0.050528526,46,1,0,,
46,0.20587254,46,-0.20587254,46,1,0,,
46,0.3548355,46,-0.3548355,46,1,0,,
46,0.18795681,46,-0.18795681,46,1,0,,
58,0.22284031,88,0.22284698,46,0,0.44568729,,
93,-0.28456497,93,0.28456497,46,1,0,,
46,0.22773743,46,-0.22773743,46,1,0,,
61,-0.002521515,61,0.002521515,47,1,0,,
65,0.13906384,65,-0.13906384,47,1,0,,
47,0.41612625,47,-0.41612625,47,1,0,,
61,-0.0017061234,61,0.0017061234,47,1,0,,
47,0.1783762,47,-0.1783762,47,1,0,,
47,0.30168247,47,-0.30168247,47,1,0,,
47,0.07379055,47,-0.07379055,47,1,0,,
47,-0.039232254,47,0.039232254,47,1,0,,
47,0.3982296,47,-0.3982296,47,1,0,,
47,0.18085861,47,-0.18085861,47,1,0,,
47,0.16904068,47,-0.16904068,47,1,0,,
56,-0.050884247,56,0.050884247,47,1,0,,
95,0.045267105,95,-0.045267105,47,1,0,,
54,0.056230545,86,0.47387218,47,0,0.530102725,,
47,0.34257126,47,-0.34257126,47,1,0,,
47,0.27579117,47,-0.27579117,47,1,0,,
8,-0.06508732,8,0.06508732,47,1,0,,
47,0.22566223,47,-0.22566223,47,1,0,,
47,0.04485607,47,-0.04485607,47,1,0,,
44,0.63544464,44,-0.63544464,47,1,0,,
60,-0.16410446,60,0.16410446,47,1,0,,
86,-0.24336529,86,0.24336529,47,1,0,,
62,0.085715294,72,0.34725285,47,0,0.432968144,,
47,0.3435173,47,-0.3435173,47,1,0,,
91,-0.2541504,91,0.2541504,47,1,0,,
75,0.09649849,75,-0.09649849,48,1,0,,
48,0.11202431,48,-0.11202431,48,1,0,,
48,-0.058779716,48,0.058779716,48,1,0,,
48,0.12427139,48,-0.12427139,48,1,0,,
48,0.15185833,48,-0.15185833,48,1,0,,
48,0.031046867,48,-0.031046867,48,1,0,,
48,-0.0144701,48,0.0144701,48,1,0,,
48,0.23299217,48,-0.23299217,48,1,0,,
48,0.10547352,48,-0.10547352,48,1,0,,
74,-0.17471313,74,0.17471313,48,1,0,,
48,0.13200283,48,-0.13200283,48,1,0,,
42,-0.105918884,42,0.105918884,48,1,0,,
48,-0.51802444,48,0.51802444,48,1,0,,
48,0.16975594,48,-0.16975594,48,1,0,,
48,0.053991318,48,-0.053991318,48,1,0,,
48,-0.07815552,48,0.07815552,48,1,0,,
48,-0.019584656,48,0.019584656,48,1,0,,
48,0.22809124,48,-0.22809124,48,1,0,,
48,0.20096874,48,-0.20096874,48,1,0,,
48,-0.084542274,48,0.084542274,48,1,0,,
86,-0.13360405,86,0.13360405,48,1,0,,
89,-0.13266754,48,0.27710438,48,0,0.14443684,,
48,0.11539173,48,-0.11539173,48,1,0,,
48,-0.23452663,48,0.23452663,48,1,0,,
48,-0.16502762,48,0.16502762,48,1,0,,
49,0.10353184,49,-0.10353184,49,1,0,,
49,0.5583458,49,-0.5583458,49,1,0,,
49,0.1473217,49,-0.1473217,49,1,0,,
49,0.03578949,49,-0.03578949,49,1,0,,
37,0.48686123,63,0.31432247,49,0,0.8011837,,
49,0.34793472,49,-0.34793472,49,1,0,,
87,0.054472923,87,-0.054472923,49,1,0,,
49,0.34992027,49,-0.34992027,49,1,0,,
44,0.5640507,44,-0.5640507,49,1,0,,
49,-0.07698536,49,0.07698536,49,1,0,,
49,-0.049450874,49,0.049450874,49,1,0,,
49,0.18524933,49,-0.18524933,49,1,0,,
64,-0.16998577,64,0.16998577,49,1,0,,
49,0.0076847076,49,-0.0076847076,49,1,0,,
49,0.45199585,49,-0.45199585,49,1,0,,
49,0.10493946,49,-0.10493946,49,1,0,,
49,0.17271042,49,-0.17271042,49,1,0,,
49,-0.19125652,49,0.19125652,49,1,0,,
71,-0.057681084,71,0.057681084,49,1,0,,
49,0.15679741,49,-0.15679741,49,1,0,,
49,-0.0985899,49,0.0985899,49,1,0,,
49,0.13642216,49,-0.13642216,49,1,0,,
49,0.62316513,85,0.57758236,49,0,1.20074749,,
49,0.4135685,58,-0.14679241,49,0,0.26677609,,
49,-0.048728943,49,0.048728943,49,1,0,,
50,0.10653496,50,-0.10653496,50,1,0,,
50,0.15830135,50,-0.15830135,50,1,0,,
75,0.028686523,75,-0.028686523,50,1,0,,
71,-0.15611267,71,0.15611267,50,1,0,,
50,0.16392231,50,-0.16392231,50,1,0,,
50,0.18130398,50,-0.18130398,50,1,0,,
50,0.22804832,50,-0.22804832,50,1,0,,
50,0.15177059,50,-0.15177059,50,1,0,,
50,0.09637165,50,-0.09637165,50,1,0,,
50,0.29677296,50,-0.29677296,50,1,0,,
50,0.1367855,50,-0.1367855,50,1,0,,
50,0.1378231,50,-0.1378231,50,1,0,,
50,0.36655998,50,-0.36655998,50,1,0,,
50,0.22547913,50,-0.22547913,50,1,0,,
37,0.7225361,37,-0.7225361,50,1,0,,
50,0.26087093,50,-0.26087093,50,1,0,,
89,-0.36220837,89,0.36220837,50,1,0,,
50,0.16751862,50,-0.16751862,50,1,0,,
50,0.06392288,50,-0.06392288,50,1,0,,
50,0.21756744,50,-0.21756744,50,1,0,,
50,0.04683304,50,-0.04683304,50,1,0,,
50,0.31911182,50,-0.31911182,50,1,0,,
50,0.49486923,50,-0.49486923,50,1,0,,
50,0.17386055,50,-0.17386055,50,1,0,,
50,0.08851242,50,-0.08851242,50,1,0,,
51,0.32291698,51,-0.32291698,51,1,0,,
51,0.11815357,51,-0.11815357,51,1,0,,
92,-0.081588745,92,0.081588745,51,1,0,,
51,0.21396732,51,-0.21396732,51,1,0,,
51,0.10110092,51,-0.10110092,51,1,0,,
75,0.15810585,75,-0.15810585,51,1,0,,
51,0.056274414,51,-0.056274414,51,1,0,,
51,0.15224838,51,-0.15224838,51,1,0,,
64,-0.1275158,64,0.1275158,51,1,0,,
51,0.034103394,51,-0.034103394,51,1,0,,
51,0.12652588,51,-0.12652588,51,1,0,,
51,0.2700281,51,-0.2700281,51,1,0,,
51,0.376729,51,-0.376729,51,1,0,,
96,0.18288231,96,-0.18288231,51,1,0,,
51,0.11801052,51,-0.11801052,51,1,0,,
51,0.20150948,51,-0.20150948,51,1,0,,
51,0.28228855,51,-0.28228855,51,1,0,,
51,0.071876526,51,-0.071876526,51,1,0,,
51,0.1217556,51,-0.1217556,51,1,0,,
51,0.07284737,51,-0.07284737,51,1,0,,
51,0.10902405,51,-0.10902405,51,1,0,,
51,0.2767439,51,-0.2767439,51,1,0,,
64,-0.045931816,64,0.045931816,51,1,0,,
51,0.06879616,51,-0.06879616,51,1,0,,
51,0.26480675,51,-0.26480675,51,1,0,,
67,-0.0675087,91,0.2854805,52,0,0.2179718,,
62,-0.09385109,62,0.09385109,52,1,0,,
52,0.37711716,52,-0.37711716,52,1,0,,
52,0.20139503,52,-0.20139503,52,1,0,,
52,-0.1648922,52,0.1648922,52,1,0,,
52,0.16376114,52,-0.16376114,52,1,0,,
52,0.36313534,52,-0.36313534,52,1,0,,
52,0.45998573,52,-0.45998573,52,1,0,,
52,0.40944386,52,-0.40944386,52,1,0,,
52,0.4635582,52,-0.4635582,52,1,0,,
80,-0.29115677,80,0.29115677,52,1,0,,
52,0.2299633,52,-0.2299633,52,1,0,,
52,0.23945808,52,-0.23945808,52,1,0,,
52,0.4187336,52,-0.4187336,52,1,0,,
81,0.13374615,81,-0.13374615,52,1,0,,
52,0.43852234,52,-0.43852234,52,1,0,,
52,-0.14061642,52,0.14061642,52,1,0,,
52,0.31663227,52,-0.31663227,52,1,0,,
52,-0.019350052,52,0.019350052,52,1,0,,
52,0.042038918,52,-0.042038918,52,1,0,,
52,0.23448372,52,-0.23448372,52,1,0,,
70,-0.08498192,70,0.08498192,52,1,0,,
52,0.2906685,52,-0.2906685,52,1,0,,
52,0.28102112,52,-0.28102112,52,1,0,,
52,0.25338268,52,-0.25338268,52,1,0,,
48,0.06425953,48,-0.06425953,53,1,0,,
53,0.03596115,53,-0.03596115,53,1,0,,
86,0.010684967,86,-0.010684967,53,1,0,,
53,0.12687874,53,-0.12687874,53,1,0,,
53,0.07449818,53,-0.07449818,53,1,0,,
75,-0.252553,76,0.39528656,53,0,0.14273356,,
53,-0.1053772,53,0.1053772,53,1,0,,
70,-0.26555443,70,0.26555443,53,1,0,,
53,-0.08302975,53,0.08302975,53,1,0,,
53,0.10486603,53,-0.10486603,53,1,0,,
52,0.31601524,52,-0.31601524,53,1,0,,
53,0.14265633,53,-0.14265633,53,1,0,,
70,-0.27003384,70,0.27003384,53,1,0,,
53,0.16752815,53,-0.16752815,53,1,0,,
36,0.17827034,36,-0.17827034,53,1,0,,
86,-0.101041794,86,0.101041794,53,1,0,,
40,0.106702805,40,-0.106702805,53,1,0,,
53,0.14479828,53,-0.14479828,53,1,0,,
53,-0.025081635,53,0.025081635,53,1,0,,
53,-0.015597343,53,0.015597343,53,1,0,,
53,-0.08769798,53,0.08769798,53,1,0,,
53,-0.039409637,53,0.039409637,53,1,0,,
48,0.03598976,48,-0.03598976,53,1,0,,
53,0.07474518,53,-0.07474518,53,1,0,,
70,-0.08716774,70,0.08716774,53,1,0,,
54,0.3917122,54,-0.3917122,54,1,0,,
54,0.29656887,54,-0.29656887,54,1,0,,
54,0.12593651,54,-0.12593651,54,1,0,,
54,0.34454918,54,-0.34454918,54,1,0,,
54,0.3395996,54,-0.3395996,54,1,0,,
54,0.22985268,54,-0.22985268,54,1,0,,
86,-0.47606087,86,0.47606087,54,1,0,,
82,0.054969788,82,-0.054969788,54,1,0,,
54,0.40348625,54,-0.40348625,54,1,0,,
54,0.78654385,54,-0.78654385,54,1,0,,
98,0.051054955,98,-0.051054955,54,1,0,,
49,0.15755367,58,-0.13915443,54,0,0.01839924,,
54,0.42799664,54,-0.42799664,54,1,0,,
54,0.1866169,54,-0.1866169,54,1,0,,
54,0.31110382,54,-0.31110382,54,1,0,,
93,-0.31900406,93,0.31900406,54,1,0,,
54,0.33665657,54,-0.33665657,54,1,0,,
54,0.14915943,54,-0.14915943,54,1,0,,
54,0.1530037,54,-0.1530037,54,1,0,,
54,0.21469498,54,-0.21469498,54,1,0,,
54,0.3275318,54,-0.3275318,54,1,0,,
54,0.19493961,54,-0.19493961,54,1,0,,
48,-0.10826874,48,0.10826874,54,1,0,,
54,0.16666031,54,-0.16666031,54,1,0,,
54,0.16766739,86,0.46517467,54,0,0.63284206,,
55,0.17236137,55,-0.17236137,55,1,0,,
54,0.7760143,54,-0.7760143,55,1,0,,
55,0.09692097,55,-0.09692097,55,1,0,,
55,0.11301994,55,-0.11301994,55,1,0,,
55,0.26242638,55,-0.26242638,55,1,0,,
55,0.28674412,92,-0.08726025,55,0,0.19948387,,
58,0.40371418,58,-0.40371418,55,1,0,,
55,0.08167362,55,-0.08167362,55,1,0,,
88,-0.07780552,88,0.07780552,55,1,0,,
55,0.53217506,55,-0.53217506,55,1,0,,
55,0.28001404,55,-0.28001404,55,1,0,,
55,-0.03327465,55,0.03327465,55,1,0,,
98,-0.0868969,98,0.0868969,55,1,0,,
61,-0.18438625,61,0.18438625,55,1,0,,
55,-0.35103035,55,0.35103035,55,1,0,,
55,0.2834854,55,-0.2834854,55,1,0,,
55,0.115320206,55,-0.115320206,55,1,0,,
55,0.17897034,55,-0.17897034,55,1,0,,
55,0.16183853,88,-0.08797073,55,0,0.0738678,,
55,0.13531494,55,-0.13531494,55,1,0,,
55,-0.123312,55,0.123312,55,1,0,,
55,0.0041542053,55,-0.0041542053,55,1,0,,
55,0.08042526,55,-0.08042526,55,1,0,,
55,0.2444439,55,-0.2444439,55,1,0,,
55,0.25167465,55,-0.25167465,55,1,0,,
56,0.23290348,56,-0.23290348,56,1,0,,
56,0.11540413,56,-0.11540413,56,1,0,,
56,-0.102285385,56,0.102285385,56,1,0,,
56,-0.023273468,56,0.023273468,56,1,0,,
56,-0.07634926,56,0.07634926,56,1,0,,
56,0.10000038,56,-0.10000038,56,1,0,,
56,0.12518024,56,-0.12518024,56,1,0,,
56,-0.028617859,56,0.028617859,56,1,0,,
56,0.0004644394,56,-0.0004644394,56,1,0,,
56,0.14503288,56,-0.14503288,56,1,0,,
56,-0.12609959,56,0.12609959,56,1,0,,
56,0.015986443,56,-0.015986443,56,1,0,,
75,0.04794693,75,-0.04794693,56,1,0,,
54,0.650424,67,0.0122795105,56,0,0.6627035105,,
56,0.105029106,56,-0.105029106,56,1,0,,
60,-0.08256912,60,0.08256912,56,1,0,,
85,0.11259651,85,-0.11259651,56,1,0,,
56,0.21898842,56,-0.21898842,56,1,0,,
80,0.005610466,75,0.23486328,56,0,0.240473746,,
85,-0.31000423,85,0.31000423,56,1,0,,
56,0.1915474,56,-0.1915474,56,1,0,,
56,0.17883873,56,-0.17883873,56,1,0,,
56,-0.021597862,56,0.021597862,56,1,0,,
56,-0.0833683,56,0.0833683,56,1,0,,
56,-0.052681923,56,0.052681923,56,1,0,,
57,0.02317524,57,-0.02317524,57,1,0,,
57,0.29055405,57,-0.29055405,57,1,0,,
57,0.13734436,57,-0.13734436,57,1,0,,
15,-0.13546753,15,0.13546753,57,1,0,,
57,0.07287693,57,-0.07287693,57,1,0,,
57,0.6114702,57,-0.6114702,57,1,0,,
7,0.083631516,7,-0.083631516,57,1,0,,
57,0.16427135,57,-0.16427135,57,1,0,,
62,-0.13447571,62,0.13447571,57,1,0,,
57,0.1022892,57,-0.1022892,57,1,0,,
57,0.21691704,57,-0.21691704,57,1,0,,
2,0.29911804,9,-0.019464493,57,0,0.279653547,,
31,0.31840706,57,-0.08343315,57,0,0.23497391,,
20,0.5058212,82,0.61037827,57,0,1.11619947,,
57,0.4573002,57,-0.4573002,57,1,0,,
57,0.1461029,57,-0.1461029,57,1,0,,
57,0.1219883,57,-0.1219883,57,1,0,,
57,0.31271458,57,-0.31271458,57,1,0,,
62,0.04707718,62,-0.04707718,57,1,0,,
57,0.24756813,57,-0.24756813,57,1,0,,
69,-0.015492439,69,0.015492439,57,1,0,,
57,0.1964922,57,-0.1964922,57,1,0,,
57,-0.11785793,69,0.2694893,57,0,0.15163137,,
29,0.09181404,31,0.09989834,57,0,0.19171238,,
87,-0.009513855,87,0.009513855,57,1,0,,
40,-0.20790386,40,0.20790386,58,1,0,,
58,0.38828754,58,-0.38828754,58,1,0,,
58,0.19794655,58,-0.19794655,58,1,0,,
58,-0.027701378,58,0.027701378,58,1,0,,
84,-0.19227314,86,0.62038517,58,0,0.42811203,,
58,0.23242569,58,-0.23242569,58,1,0,,
58,0.054027557,58,-0.054027557,58,1,0,,
58,0.5331154,58,-0.5331154,58,1,0,,
58,0.48579788,58,-0.48579788,58,1,0,,
16,0.16693115,16,-0.16693115,58,1,0,,
58,0.22063732,58,-0.22063732,58,1,0,,
58,0.35822678,58,-0.35822678,58,1,0,,
58,0.4274063,58,-0.4274063,58,1,0,,
58,0.24248981,58,-0.24248981,58,1,0,,
69,0.023759842,69,-0.023759842,58,1,0,,
49,0.07430172,72,0.24795532,58,0,0.32225704,,
58,0.085214615,58,-0.085214615,58,1,0,,
58,0.30485058,58,-0.30485058,58,1,0,,
58,0.30315018,60,0.063417435,58,0,0.366567615,,
58,0.13092041,58,-0.13092041,58,1,0,,
58,0.20611382,58,-0.20611382,58,1,0,,
98,0.008363724,98,-0.008363724,58,1,0,,
73,-0.00037288666,73,0.00037288666,58,1,0,,
58,0.03355694,58,-0.03355694,58,1,0,,
63,0.054715157,63,-0.054715157,58,1,0,,
68,0.19408417,68,-0.19408417,59,1,0,,
68,-0.20447922,68,0.20447922,59,1,0,,
59,0.13391876,59,-0.13391876,59,1,0,,
66,0.11978531,99,0.27859783,59,0,0.39838314,,
59,0.40856934,59,-0.40856934,59,1,0,,
59,-0.076999664,59,0.076999664,59,1,0,,
59,0.25646114,59,-0.25646114,59,1,0,,
59,0.2610073,59,-0.2610073,59,1,0,,
59,0.11481857,59,-0.11481857,59,1,0,,
68,0.2191534,68,-0.2191534,59,1,0,,
59,0.0919075,59,-0.0919075,59,1,0,,
68,0.013733864,68,-0.013733864,59,1,0,,
68,0.20264816,68,-0.20264816,59,1,0,,
59,-0.22722244,59,0.22722244,59,1,0,,
59,0.34204102,59,-0.34204102,59,1,0,,
59,0.02117157,59,-0.02117157,59,1,0,,
79,0.011013985,79,-0.011013985,59,1,0,,
59,0.23939133,59,-0.23939133,59,1,0,,
59,0.021586418,59,-0.021586418,59,1,0,,
68,0.24787426,68,-0.24787426,59,1,0,,
59,0.46169567,59,-0.46169567,59,1,0,,
59,0.30885983,59,-0.30885983,59,1,0,,
59,0.32999992,59,-0.32999992,59,1,0,,
59,0.21068764,59,-0.21068764,59,1,0,,
59,0.39924908,59,-0.39924908,59,1,0,,
60,-0.08460808,60,0.08460808,60,1,0,,
67,-0.124352455,67,0.124352455,60,1,0,,
38,0.09026623,65,0.13942909,60,0,0.22969532,,
65,0.093649864,87,0.29504585,60,0,0.388695714,,
36,0.3448372,48,-0.03685093,60,0,0.30798627,,
52,0.5572443,52,-0.5572443,60,1,0,,
44,0.57681465,44,-0.57681465,60,1,0,,
62,0.04643917,62,-0.04643917,60,1,0,,
66,-0.13095284,66,0.13095284,60,1,0,,
88,0.024402618,88,-0.024402618,60,1,0,,
46,0.36408043,46,-0.36408043,60,1,0,,
93,-0.042394638,93,0.042394638,60,1,0,,
20,0.19703865,20,-0.19703865,60,1,0,,
86,-0.16668415,86,0.16668415,60,1,0,,
65,-0.090275764,65,0.090275764,60,1,0,,
44,0.36435127,44,-0.36435127,60,1,0,,
44,0.25392342,44,-0.25392342,60,1,0,,
63,-0.08988285,63,0.08988285,60,1,0,,
44,0.35434437,44,-0.35434437,60,1,0,,
38,0.21880436,38,-0.21880436,60,1,0,,
62,-0.09413242,62,0.09413242,60,1,0,,
46,0.19383907,46,-0.19383907,60,1,0,,
82,0.07940483,82,-0.07940483,60,1,0,,
1,-0.033828735,1,0.033828735,60,1,0,,
67,-0.34138203,67,0.34138203,60,1,0,,
61,-0.16423798,61,0.16423798,61,1,0,,
39,-0.22916222,39,0.22916222,61,1,0,,
61,-0.15197659,61,0.15197659,61,1,0,,
62,-0.006552696,62,0.006552696,61,1,0,,
61,-0.17312622,61,0.17312622,61,1,0,,
61,-0.12382221,61,0.12382221,61,1,0,,
61,-0.121928215,61,0.121928215,61,1,0,,
42,0.024355888,42,-0.024355888,61,1,0,,
62,0.0017232895,62,-0.0017232895,61,1,0,,
42,-0.051042557,47,0.3310318,61,0,0.279989243,,
62,-0.0063285828,61,0.07035065,61,0,0.0640220672,,
57,0.14647865,69,0.20972061,61,0,0.35619926,,
63,-0.078401566,71,0.2212925,61,0,0.142890934,,
86,-0.11008072,86,0.11008072,61,1,0,,
62,0.01173687,62,-0.01173687,61,1,0,,
76,-0.04109955,76,0.04109955,61,1,0,,
61,0.05718708,61,-0.05718708,61,1,0,,
61,0.012239456,61,-0.012239456,61,1,0,,
67,0.15880871,67,-0.15880871,61,1,0,,
73,-0.038541794,73,0.038541794,61,1,0,,
50,0.19092369,50,-0.19092369,61,1,0,,
67,-0.33732224,67,0.33732224,61,1,0,,
61,0.04756546,61,-0.04756546,61,1,0,,
42,0.24818707,42,-0.24818707,61,1,0,,
42,0.0073575974,42,-0.0073575974,61,1,0,,
62,-0.10718727,62,0.10718727,62,1,0,,
46,0.1574192,46,-0.1574192,62,1,0,,
39,0.2906742,39,-0.2906742,62,1,0,,
38,0.35672665,38,-0.35672665,62,1,0,,
41,0.35458565,41,-0.35458565,62,1,0,,
55,-0.10272026,55,0.10272026,62,1,0,,
17,0.21345139,63,0.34802246,62,0,0.56147385,,
61,0.07188892,61,-0.07188892,62,1,0,,
63,-0.060523987,65,0.17734718,62,0,0.116823193,,
62,0.00233078,69,0.25666714,62,0,0.25899792,,
47,0.27579975,47,-0.27579975,62,1,0,,
82,-0.15078449,82,0.15078449,62,1,0,,
46,0.46832848,46,-0.46832848,62,1,0,,
62,0.05845833,62,-0.05845833,62,1,0,,
61,-0.1723814,61,0.1723814,62,1,0,,
46,0.17946434,46,-0.17946434,62,1,0,,
63,-0.21507454,63,0.21507454,62,1,0,,
47,0.06284714,47,-0.06284714,62,1,0,,
60,0.092443466,60,-0.092443466,62,1,0,,
62,-0.15405655,62,0.15405655,62,1,0,,
63,0.044981956,63,-0.044981956,62,1,0,,
29,0.20600319,29,-0.20600319,62,1,0,,
63,0.03244877,63,-0.03244877,62,1,0,,
49,0.3721161,49,-0.3721161,62,1,0,,
16,0.2148819,16,-0.2148819,62,1,0,,
63,-0.15992069,63,0.15992069,63,1,0,,
81,-0.31673622,81,0.31673622,63,1,0,,
99,-0.401165,99,0.401165,63,1,0,,
61,-0.05897522,61,0.05897522,63,1,0,,
67,-0.19332886,67,0.19332886,63,1,0,,
63,-0.25855064,63,0.25855064,63,1,0,,
15,0.086242676,15,-0.086242676,63,1,0,,
85,-0.12448597,85,0.12448597,63,1,0,,
80,-0.16097355,80,0.16097355,63,1,0,,
11,0.2644844,11,-0.2644844,63,1,0,,
45,0.31708622,45,-0.31708622,63,1,0,,
52,0.11232662,63,0.17255497,63,0,0.28488159,,
58,-0.24382973,63,0.63637924,63,0,0.39254951,,
41,-0.16027641,41,0.16027641,63,1,0,,
50,0.2932272,50,-0.2932272,63,1,0,,
49,0.28227425,49,-0.28227425,63,1,0,,
13,0.60091305,63,0.7538967,63,0,1.35480975,,
86,-0.068182945,86,0.068182945,63,1,0,,
37,0.34746838,82,0.12899494,63,0,0.47646332,,
52,0.23068428,63,0.38938332,63,0,0.6200676,,
68,-0.19452286,68,0.19452286,63,1,0,,
83,-0.18845558,83,0.18845558,63,1,0,,
38,-0.02235794,38,0.02235794,63,1,0,,
71,-0.1469574,85,0.35888195,63,0,0.21192455,,
45,0.399477,63,0.61473846,63,0,1.01421546,,
43,-0.26215744,43,0.26215744,64,1,0,,
64,0.09117794,64,-0.09117794,64,1,0,,
40,0.18718338,64,0.5403156,64,0,0.72749898,,
81,0.21576595,81,-0.21576595,64,1,0,,
64,0.17604065,64,-0.17604065,64,1,0,,
92,0.1707449,92,-0.1707449,64,1,0,,
54,0.38192177,54,-0.38192177,64,1,0,,
43,0.26193237,64,0.19212723,64,0,0.4540596,,
35,0.2293644,35,-0.2293644,64,1,0,,
64,0.00834465,64,-0.00834465,64,1,0,,
73,0.0143966675,73,-0.0143966675,64,1,0,,
75,-0.079179764,75,0.079179764,64,1,0,,
35,0.24963951,35,-0.24963951,64,1,0,,
43,0.14736176,43,-0.14736176,64,1,0,,
35,-0.14712334,35,0.14712334,64,1,0,,
78,-0.21116543,78,0.21116543,64,1,0,,
90,0.0200634,75,0.40338802,64,0,0.42345142,,
43,0.3322935,43,-0.3322935,64,1,0,,
74,0.29733276,81,-0.047071457,64,0,0.250261303,,
81,0.015147209,81,-0.015147209,64,1,0,,
64,-0.15131378,64,0.15131378,64,1,0,,
40,0.33371162,40,-0.33371162,64,1,0,,
80,0.015097618,80,-0.015097618,64,1,0,,
35,0.10482502,35,-0.10482502,64,1,0,,
24,0.19810581,66,0.0105724335,64,0,0.2086782435,,
46,0.12586021,46,-0.12586021,65,1,0,,
90,0.39605427,90,-0.39605427,65,1,0,,
55,0.3134842,55,-0.3134842,65,1,0,,
72,0.03795719,72,-0.03795719,65,1,0,,
93,-0.14887238,93,0.14887238,65,1,0,,
37,0.68980026,37,-0.68980026,65,1,0,,
36,0.3456354,83,-0.012962341,65,0,0.332673059,,
92,0.3072052,88,0.06838608,65,0,0.37559128,,
65,0.013367653,65,-0.013367653,65,1,0,,
36,0.0131139755,36,-0.0131139755,65,1,0,,
47,0.33577156,47,-0.33577156,65,1,0,,
95,0.005085945,95,-0.005085945,65,1,0,,
36,0.25250626,36,-0.25250626,65,1,0,,
88,0.23938274,88,-0.23938274,65,1,0,,
92,-0.15738297,92,0.15738297,65,1,0,,
61,-0.16742611,61,0.16742611,65,1,0,,
37,0.5294285,37,-0.5294285,65,1,0,,
76,-0.19327354,76,0.19327354,65,1,0,,
55,0.32244682,55,-0.32244682,65,1,0,,
49,0.09361267,63,0.34431648,65,0,0.43792915,,
65,-0.14112663,65,0.14112663,65,1,0,,
55,-0.04017353,55,0.04017353,65,1,0,,
75,-0.044013023,75,0.044013023,65,1,0,,
65,-0.23054123,65,0.23054123,65,1,0,,
65,-0.33813095,65,0.33813095,65,1,0,,
78,-0.2917137,78,0.2917137,66,1,0,,
62,-0.110489845,62,0.110489845,66,1,0,,
64,0.21403313,64,-0.21403313,66,1,0,,
42,-0.39250565,42,0.39250565,66,1,0,,
70,0.05896473,63,0.6765499,66,0,0.73551463,,
76,-0.014595032,76,0.014595032,66,1,0,,
63,-0.09955788,63,0.09955788,66,1,0,,
63,0.01785469,63,-0.01785469,66,1,0,,
13,0.15813446,63,0.3234539,66,0,0.48158836,,
66,-0.10913849,66,0.10913849,66,1,0,,
87,-0.15200996,87,0.15200996,66,1,0,,
60,-0.113557816,60,0.113557816,66,1,0,,
78,-0.24475288,78,0.24475288,66,1,0,,
57,0.5799923,57,-0.5799923,66,1,0,,
66,-0.27616787,66,0.27616787,66,1,0,,
67,0.13990498,67,-0.13990498,66,1,0,,
13,0.58152485,13,-0.58152485,66,1,0,,
66,-0.021972656,66,0.021972656,66,1,0,,
54,0.2107706,54,-0.2107706,66,1,0,,
62,0.113918304,62,-0.113918304,66,1,0,,
52,0.24477386,52,-0.24477386,66,1,0,,
81,-0.021007538,81,0.021007538,66,1,0,,
52,0.085146904,52,-0.085146904,66,1,0,,
63,-0.11859512,63,0.11859512,66,1,0,,
52,0.2257328,78,0.10092068,66,0,0.32665348,,
48,0.0011453629,48,-0.0011453629,67,1,0,,
67,-0.22165585,67,0.22165585,67,1,0,,
67,-0.021997452,67,0.021997452,67,1,0,,
44,0.1889801,44,-0.1889801,67,1,0,,
64,0.1214695,67,0.19729805,67,0,0.31876755,,
51,0.110619545,51,-0.110619545,67,1,0,,
44,0.032539368,67,0.3607502,67,0,0.393289568,,
82,-0.14886856,82,0.14886856,67,1,0,,
42,0.31797695,42,-0.31797695,67,1,0,,
54,0.3678198,54,-0.3678198,67,1,0,,
67,-0.22247314,67,0.22247314,67,1,0,,
89,-0.03101921,67,0.17111015,67,0,0.14009094,,
67,-0.16316605,67,0.16316605,67,1,0,,
51,0.49666977,51,-0.49666977,67,1,0,,
49,0.24987411,49,-0.24987411,67,1,0,,
55,0.1720314,61,0.09963131,67,0,0.27166271,,
67,-0.17803383,67,0.17803383,67,1,0,,
67,-0.47070312,67,0.47070312,67,1,0,,
67,-0.15024376,67,0.15024376,67,1,0,,
67,-0.29390812,67,0.29390812,67,1,0,,
82,-0.015493393,82,0.015493393,67,1,0,,
39,-0.12574768,67,0.42471123,67,0,0.29896355,,
72,-0.09132862,72,0.09132862,67,1,0,,
42,0.24227142,42,-0.24227142,67,1,0,,
67,0.016444206,67,-0.016444206,67,1,0,,
59,0.0260458,59,-0.0260458,68,1,0,,
59,0.26520538,59,-0.26520538,68,1,0,,
49,0.07489586,49,-0.07489586,68,1,0,,
59,0.1612339,59,-0.1612339,68,1,0,,
59,0.3856163,59,-0.3856163,68,1,0,,
59,0.16359615,59,-0.16359615,68,1,0,,
72,-0.13907528,72,0.13907528,68,1,0,,
59,0.3123665,59,-0.3123665,68,1,0,,
59,0.010232925,59,-0.010232925,68,1,0,,
89,-0.0656662,89,0.0656662,68,1,0,,
59,0.47328472,59,-0.47328472,68,1,0,,
59,0.33603287,59,-0.33603287,68,1,0,,
59,0.15167618,59,-0.15167618,68,1,0,,
68,0.26233196,68,-0.26233196,68,1,0,,
59,0.08921814,59,-0.08921814,68,1,0,,
49,0.48678875,63,0.15962791,68,0,0.64641666,,
49,0.17543793,63,0.17207241,68,0,0.34751034,,
47,0.41200256,91,0.10444069,68,0,0.51644325,,
68,0.17843246,66,0.10121822,68,0,0.27965068,,
59,0.29274464,59,-0.29274464,68,1,0,,
86,-0.103897095,86,0.103897095,68,1,0,,
9,0.33893967,9,-0.33893967,68,1,0,,
12,0.1473999,63,0.35613537,68,0,0.50353527,,
59,0.35199833,68,-0.18957233,68,0,0.162426,,
59,-0.006508827,59,0.006508827,68,1,0,,
56,-0.32876778,56,0.32876778,69,1,0,,
57,0.11583519,57,-0.11583519,69,1,0,,
76,0.12644577,76,-0.12644577,69,1,0,,
44,0.28161335,44,-0.28161335,69,1,0,,
93,0.011184692,93,-0.011184692,69,1,0,,
61,0.09099007,61,-0.09099007,69,1,0,,
57,0.24661446,57,-0.24661446,69,1,0,,
65,-0.040138245,65,0.040138245,69,1,0,,
61,-0.17972946,61,0.17972946,69,1,0,,
69,-0.08587265,69,0.08587265,69,1,0,,
36,0.22748566,36,-0.22748566,69,1,0,,
42,0.00949955,42,-0.00949955,69,1,0,,
69,-0.061042786,69,0.061042786,69,1,0,,
76,-0.17194366,76,0.17194366,69,1,0,,
42,0.2859764,42,-0.2859764,69,1,0,,
45,0.3746786,45,-0.3746786,69,1,0,,
42,0.30548286,42,-0.30548286,69,1,0,,
50,0.21360111,50,-0.21360111,69,1,0,,
69,-0.078891754,69,0.078891754,69,1,0,,
42,-0.0050344467,42,0.0050344467,69,1,0,,
75,0.083049774,75,-0.083049774,69,1,0,,
50,-0.05498886,50,0.05498886,69,1,0,,
57,0.27559662,57,-0.27559662,69,1,0,,
42,0.13998795,42,-0.13998795,69,1,0,,
72,-0.35209084,72,0.35209084,69,1,0,,
53,0.25536633,86,0.37714863,70,0,0.63251496,,
73,0.08298111,73,-0.08298111,70,1,0,,
70,-0.15925598,70,0.15925598,70,1,0,,
70,0.08407593,70,-0.08407593,70,1,0,,
53,0.074043274,53,-0.074043274,70,1,0,,
58,0.03551197,58,-0.03551197,70,1,0,,
62,-0.037884712,62,0.037884712,70,1,0,,
70,-0.20462799,70,0.20462799,70,1,0,,
53,0.18474579,53,-0.18474579,70,1,0,,
70,-0.20644951,70,0.20644951,70,1,0,,
63,0.09510231,63,-0.09510231,70,1,0,,
66,-0.1925888,66,0.1925888,70,1,0,,
53,0.12091446,70,0.022784233,70,0,0.143698693,,
53,0.016633987,53,-0.016633987,70,1,0,,
53,0.06919479,53,-0.06919479,70,1,0,,
53,0.06472206,53,-0.06472206,70,1,0,,
53,0.20675278,53,-0.20675278,70,1,0,,
53,0.13555145,53,-0.13555145,70,1,0,,
70,-0.29428768,70,0.29428768,70,1,0,,
76,0.062467575,76,-0.062467575,70,1,0,,
42,0.067619324,61,0.1290102,70,0,0.196629524,,
86,-0.018754005,86,0.018754005,70,1,0,,
47,0.3267727,47,-0.3267727,70,1,0,,
82,-0.24528217,82,0.24528217,70,1,0,,
48,0.13963127,48,-0.13963127,70,1,0,,
63,-0.41225338,63,0.41225338,71,1,0,,
49,0.23449516,71,0.04390812,71,0,0.27840328,,
40,0.3777752,40,-0.3777752,71,1,0,,
23,-0.16448402,23,0.16448402,71,1,0,,
16,0.081624985,16,-0.081624985,71,1,0,,
87,0.07512951,87,-0.07512951,71,1,0,,
62,0.057284355,62,-0.057284355,71,1,0,,
50,0.16865349,50,-0.16865349,71,1,0,,
87,0.13269329,87,-0.13269329,71,1,0,,
50,0.3165989,50,-0.3165989,71,1,0,,
63,-0.50657845,63,0.50657845,71,1,0,,
87,0.10083866,87,-0.10083866,71,1,0,,
82,-0.2652626,82,0.2652626,71,1,0,,
71,-0.2713356,71,0.2713356,71,1,0,,
50,0.17000484,50,-0.17000484,71,1,0,,
82,0.0902586,50,0.5509081,71,0,0.6411667,,
49,0.03229904,49,-0.03229904,71,1,0,,
71,-0.22894382,71,0.22894382,71,1,0,,
71,-0.18714142,71,0.18714142,71,1,0,,
98,-0.16913319,98,0.16913319,71,1,0,,
72,-0.066705704,72,0.066705704,71,1,0,,
63,0.1288166,63,-0.1288166,71,1,0,,
72,-0.08902645,63,0.149683,71,0,0.06065655,,
80,-0.500288,85,0.7843447,71,0,0.2840567,,
61,0.0105896,61,-0.0105896,71,1,0,,
69,0.054353714,69,-0.054353714,72,1,0,,
72,-0.10546112,72,0.10546112,72,1,0,,
75,0.1419487,75,-0.1419487,72,1,0,,
50,-0.11628437,50,0.11628437,72,1,0,,
72,-0.23229218,72,0.23229218,72,1,0,,
54,0.26200294,54,-0.26200294,72,1,0,,
69,0.07188511,62,0.023550034,72,0,0.095435144,,
50,-0.019046783,50,0.019046783,72,1,0,,
75,-0.102705,75,0.102705,72,1,0,,
68,0.32021046,67,0.32764816,72,0,0.64785862,,
82,-0.38357353,82,0.38357353,72,1,0,,
50,0.17920685,50,-0.17920685,72,1,0,,
72,-0.091700554,72,0.091700554,72,1,0,,
54,0.13393211,54,-0.13393211,72,1,0,,
72,-0.16117573,72,0.16117573,72,1,0,,
72,-0.2625723,72,0.2625723,72,1,0,,
50,-0.0021677017,50,0.0021677017,72,1,0,,
72,-0.13615227,72,0.13615227,72,1,0,,
67,0.07053375,67,-0.07053375,72,1,0,,
41,-0.07605076,41,0.07605076,72,1,0,,
72,-0.19755936,72,0.19755936,72,1,0,,
72,0.11193752,72,-0.11193752,72,1,0,,
57,0.6567707,87,-0.05175972,72,0,0.60501098,,
72,0.028457642,72,-0.028457642,72,1,0,,
67,0.033307076,90,0.3679695,72,0,0.401276576,,
40,-0.043787003,66,0.48528862,73,0,0.441501617,,
57,0.023089409,57,-0.023089409,73,1,0,,
81,-0.25962162,81,0.25962162,73,1,0,,
63,-0.4014635,63,0.4014635,73,1,0,,
56,0.24442482,56,-0.24442482,73,1,0,,
35,-0.10238838,35,0.10238838,73,1,0,,
47,0.2218113,47,-0.2218113,73,1,0,,
63,-0.3522644,63,0.3522644,73,1,0,,
48,0.046596527,48,-0.046596527,73,1,0,,
77,-0.1844902,77,0.1844902,73,1,0,,
67,-0.29151154,67,0.29151154,73,1,0,,
35,0.09338188,35,-0.09338188,73,1,0,,
47,0.52705765,60,0.13266373,73,0,0.65972138,,
63,-0.45775414,63,0.45775414,73,1,0,,
29,0.19549274,29,-0.19549274,73,1,0,,
98,-0.41058922,98,0.41058922,73,1,0,,
49,-0.050982475,49,0.050982475,73,1,0,,
47,0.35729218,47,-0.35729218,73,1,0,,
31,0.69310856,31,-0.69310856,73,1,0,,
46,0.20157146,46,-0.20157146,73,1,0,,
96,-0.17162228,96,0.17162228,73,1,0,,
43,0.14981079,43,-0.14981079,73,1,0,,
61,-0.107460976,61,0.107460976,73,1,0,,
43,-0.22116947,43,0.22116947,73,1,0,,
79,0.058167458,79,-0.058167458,73,1,0,,
56,0.034431458,56,-0.034431458,74,1,0,,
56,0.1475954,56,-0.1475954,74,1,0,,
74,-0.16759682,74,0.16759682,74,1,0,,
35,-0.055657387,35,0.055657387,74,1,0,,
91,-0.19912243,91,0.19912243,74,1,0,,
56,0.13693047,56,-0.13693047,74,1,0,,
96,-0.6144495,96,0.6144495,74,1,0,,
56,0.01600647,56,-0.01600647,74,1,0,,
74,-0.017202377,74,0.017202377,74,1,0,,
44,0.58647156,44,-0.58647156,74,1,0,,
48,-0.020328522,48,0.020328522,74,1,0,,
74,0.041544914,74,-0.041544914,74,1,0,,
74,-0.19810581,74,0.19810581,74,1,0,,
75,-0.20648575,75,0.20648575,74,1,0,,
56,-0.023180962,56,0.023180962,74,1,0,,
75,-0.22887325,75,0.22887325,74,1,0,,
56,0.019506454,56,-0.019506454,74,1,0,,
74,0.08704853,74,-0.08704853,74,1,0,,
56,0.18041039,74,-0.061351776,74,0,0.119058614,,
56,0.13261509,56,-0.13261509,74,1,0,,
56,0.31400776,56,-0.31400776,74,1,0,,
41,-0.0070610046,93,0.19590187,74,0,0.1888408654,,
85,-0.3176117,85,0.3176117,74,1,0,,
74,0.08571625,74,-0.08571625,74,1,0,,
74,-0.04258728,74,0.04258728,74,1,0,,
35,-0.08297253,81,0.091952324,75,0,0.008979794,,
39,0.05317402,39,-0.05317402,75,1,0,,
75,0.019207,75,-0.019207,75,1,0,,
52,0.023440361,52,-0.023440361,75,1,0,,
76,-0.022130013,76,0.022130013,75,1,0,,
75,-0.05849743,75,0.05849743,75,1,0,,
76,-0.32258034,76,0.32258034,75,1,0,,
67,0.02989769,67,-0.02989769,75,1,0,,
86,0.08628559,86,-0.08628559,75,1,0,,
75,-0.0743618,75,0.0743618,75,1,0,,
75,-0.21768665,75,0.21768665,75,1,0,,
75,0.012713432,75,-0.012713432,75,1,0,,
75,-0.011205673,75,0.011205673,75,1,0,,
75,0.012386322,75,-0.012386322,75,1,0,,
78,0.11079216,78,-0.11079216,75,1,0,,
90,0.22274113,90,-0.22274113,75,1,0,,
41,0.67167854,41,-0.67167854,75,1,0,,
75,0.016435623,75,-0.016435623,75,1,0,,
84,0.27110863,84,-0.27110863,75,1,0,,
56,0.24171829,56,-0.24171829,75,1,0,,
35,0.17923546,35,-0.17923546,75,1,0,,
76,-0.07351875,76,0.07351875,75,1,0,,
76,-0.26957798,76,0.26957798,75,1,0,,
75,-0.49347878,75,0.49347878,75,1,0,,
75,-0.053045273,75,0.053045273,75,1,0,,
41,-0.03742504,41,0.03742504,76,1,0,,
42,-0.2583847,42,0.2583847,76,1,0,,
39,-0.21977615,39,0.21977615,76,1,0,,
62,-0.0718689,62,0.0718689,76,1,0,,
39,0.15715408,39,-0.15715408,76,1,0,,
41,0.21325684,41,-0.21325684,76,1,0,,
67,0.09194088,67,-0.09194088,76,1,0,,
39,0.2614975,39,-0.2614975,76,1,0,,
39,0.15633106,76,-0.0035190582,76,0,0.1528120018,,
75,0.25230122,75,-0.25230122,76,1,0,,
39,-0.1186285,39,0.1186285,76,1,0,,
76,0.05321884,76,-0.05321884,76,1,0,,
39,0.05649185,39,-0.05649185,76,1,0,,
67,0.052027702,67,-0.052027702,76,1,0,,
39,-0.039515495,39,0.039515495,76,1,0,,
86,-0.36205673,86,0.36205673,76,1,0,,
84,0.024573326,84,-0.024573326,76,1,0,,
39,0.11222839,39,-0.11222839,76,1,0,,
76,-0.1422615,76,0.1422615,76,1,0,,
71,-0.35813618,71,0.35813618,76,1,0,,
84,0.09642029,84,-0.09642029,76,1,0,,
84,-0.028719902,84,0.028719902,76,1,0,,
76,-0.0899601,76,0.0899601,76,1,0,,
76,0.011800766,76,-0.011800766,76,1,0,,
84,0.0027046204,39,0.27676105,76,0,0.2794656704,,
10,0.026227951,10,-0.026227951,77,1,0,,
77,-0.22442818,77,0.22442818,77,1,0,,
34,-0.22163296,34,0.22163296,77,1,0,,
87,-0.20231628,87,0.20231628,77,1,0,,
91,-0.07282257,77,0.28325272,77,0,0.21043015,,
63,0.03138733,63,-0.03138733,77,1,0,,
77,-0.34705067,77,0.34705067,77,1,0,,
77,-0.12410641,77,0.12410641,77,1,0,,
65,0.066596985,87,0.34315395,77,0,0.409750935,,
89,-0.0751524,89,0.0751524,77,1,0,,
41,-0.44690704,41,0.44690704,77,1,0,,
63,-0.27960968,63,0.27960968,77,1,0,,
17,0.4395628,17,-0.4395628,77,1,0,,
93,-0.34702778,93,0.34702778,77,1,0,,
77,-0.05808258,77,0.05808258,77,1,0,,
7,-0.19945812,7,0.19945812,77,1,0,,
14,0.08625889,14,-0.08625889,77,1,0,,
96,-0.15301132,96,0.15301132,77,1,0,,
10,0.11282444,10,-0.11282444,77,1,0,,
37,0.53122616,78,0.09595585,77,0,0.62718201,,
77,-0.30543137,77,0.30543137,77,1,0,,
41,0.31302452,71,0.22296047,77,0,0.53598499,,
77,-0.053956985,77,0.053956985,77,1,0,,
46,0.22686005,46,-0.22686005,77,1,0,,
31,0.013811111,31,-0.013811111,77,1,0,,
78,-0.4479637,78,0.4479637,78,1,0,,
7,0.25834846,7,-0.25834846,78,1,0,,
78,-0.09807682,78,0.09807682,78,1,0,,
96,-0.031838417,96,0.031838417,78,1,0,,
83,0.01274395,83,-0.01274395,78,1,0,,
83,-0.110375404,83,0.110375404,78,1,0,,
64,-0.32057762,64,0.32057762,78,1,0,,
58,0.24931526,82,0.012253761,78,0,0.261569021,,
73,-0.043528557,73,0.043528557,78,1,0,,
77,-0.17884827,77,0.17884827,78,1,0,,
83,0.052497864,83,-0.052497864,78,1,0,,
64,-0.43467426,64,0.43467426,78,1,0,,
83,-0.007803917,83,0.007803917,78,1,0,,
98,-0.05105877,98,0.05105877,78,1,0,,
83,-0.03823757,83,0.03823757,78,1,0,,
74,-0.1469326,74,0.1469326,78,1,0,,
40,0.42650414,86,0.4556322,78,0,0.88213634,,
59,0.08328915,59,-0.08328915,78,1,0,,
64,-0.6128464,64,0.6128464,78,1,0,,
75,0.09256554,75,-0.09256554,78,1,0,,
75,-0.25406742,75,0.25406742,78,1,0,,
42,0.24626732,42,-0.24626732,78,1,0,,
40,0.20160007,40,-0.20160007,78,1,0,,
74,-0.056344986,74,0.056344986,78,1,0,,
91,0.17963219,91,-0.17963219,78,1,0,,
89,-0.009794235,89,0.009794235,79,1,0,,
83,-0.38283157,83,0.38283157,79,1,0,,
83,0.083091736,83,-0.083091736,79,1,0,,
87,0.06762314,87,-0.06762314,79,1,0,,
26,0.20781136,26,-0.20781136,79,1,0,,
79,-0.32018375,79,0.32018375,79,1,0,,
4,0.34754372,4,-0.34754372,79,1,0,,
79,0.028982162,79,-0.028982162,79,1,0,,
54,0.29955292,54,-0.29955292,79,1,0,,
1,-0.15436077,1,0.15436077,79,1,0,,
31,0.22480392,31,-0.22480392,79,1,0,,
96,0.15772438,96,-0.15772438,79,1,0,,
33,-0.08711529,33,0.08711529,79,1,0,,
79,-0.001083374,79,0.001083374,79,1,0,,
33,-0.02313137,33,0.02313137,79,1,0,,
72,0.12086296,72,-0.12086296,79,1,0,,
4,-0.3594408,4,0.3594408,79,1,0,,
75,0.21725845,78,0.05383587,79,0,0.27109432,,
1,0.28059006,1,-0.28059006,79,1,0,,
4,-0.17825031,4,0.17825031,79,1,0,,
33,0.19439125,33,-0.19439125,79,1,0,,
11,0.5041828,11,-0.5041828,79,1,0,,
49,0.52664375,49,-0.52664375,79,1,0,,
83,-0.06130314,83,0.06130314,79,1,0,,
72,0.06769371,72,-0.06769371,79,1,0,,
87,0.045150757,67,0.51380825,80,0,0.558959007,,
52,0.3269434,80,0.57837105,80,0,0.90531445,,
71,-0.13349915,71,0.13349915,80,1,0,,
76,0.026908875,76,-0.026908875,80,1,0,,
52,0.2348566,52,-0.2348566,80,1,0,,
84,0.3241911,84,-0.3241911,80,1,0,,
98,-0.27132416,98,0.27132416,80,1,0,,
80,-0.6709137,80,0.6709137,80,1,0,,
46,0.4966793,46,-0.4966793,80,1,0,,
15,0.38663292,67,0.43247032,80,0,0.81910324,,
63,-0.3425312,80,0.7131386,80,0,0.3706074,,
80,-0.4329424,80,0.4329424,80,1,0,,
80,-0.012248039,80,0.012248039,80,1,0,,
63,-0.24874496,63,0.24874496,80,1,0,,
67,-0.26960182,67,0.26960182,80,1,0,,
73,0.2098608,73,-0.2098608,80,1,0,,
77,-0.06319904,77,0.06319904,80,1,0,,
68,-0.036102295,60,0.16688061,80,0,0.130778315,,
2,-0.07973194,2,0.07973194,80,1,0,,
67,0.053243637,67,-0.053243637,80,1,0,,
52,0.12489605,52,-0.12489605,80,1,0,,
75,-0.009776115,75,0.009776115,80,1,0,,
52,0.27272797,52,-0.27272797,80,1,0,,
97,0.035858154,97,-0.035858154,80,1,0,,
67,-0.35473537,67,0.35473537,80,1,0,,
46,0.35474014,62,0.10844803,81,0,0.46318817,,
56,-0.11983776,56,0.11983776,81,1,0,,
81,-0.045152664,81,0.045152664,81,1,0,,
81,-0.02684784,81,0.02684784,81,1,0,,
81,-0.20045471,81,0.20045471,81,1,0,,
40,0.32297802,40,-0.32297802,81,1,0,,
75,0.06327343,75,-0.06327343,81,1,0,,
96,0.011369705,79,0.16096401,81,0,0.172333715,,
81,0.099077225,81,-0.099077225,81,1,0,,
48,-0.1284256,48,0.1284256,81,1,0,,
40,0.17659855,40,-0.17659855,81,1,0,,
74,0.018931389,74,-0.018931389,81,1,0,,
81,-0.3902216,81,0.3902216,81,1,0,,
64,0.075185776,64,-0.075185776,81,1,0,,
81,-0.26371574,81,0.26371574,81,1,0,,
40,0.15418816,40,-0.15418816,81,1,0,,
91,-0.1755209,91,0.1755209,81,1,0,,
81,-0.06509018,81,0.06509018,81,1,0,,
81,-0.21359539,81,0.21359539,81,1,0,,
28,0.35498047,28,-0.35498047,81,1,0,,
40,0.18610859,40,-0.18610859,81,1,0,,
81,-0.12209606,81,0.12209606,81,1,0,,
69,0.0299654,69,-0.0299654,81,1,0,,
81,-0.08062458,81,0.08062458,81,1,0,,
25,0.10525036,25,-0.10525036,81,1,0,,
57,0.4770565,57,-0.4770565,82,1,0,,
72,0.26860428,72,-0.26860428,82,1,0,,
54,0.5649576,54,-0.5649576,82,1,0,,
67,0.10516167,67,-0.10516167,82,1,0,,
52,0.46928787,82,0.04417801,82,0,0.51346588,,
82,0.08246422,82,-0.08246422,82,1,0,,
76,0.05913067,76,-0.05913067,82,1,0,,
87,0.118219376,87,-0.118219376,82,1,0,,
87,-0.09787464,87,0.09787464,82,1,0,,
52,0.5236702,66,-0.08876419,82,0,0.43490601,,
93,0.04638481,93,-0.04638481,82,1,0,,
61,0.3656845,61,-0.3656845,82,1,0,,
58,0.24837112,86,0.2138691,82,0,0.46224022,,
32,0.87735176,82,0.9123039,82,0,1.78965566,,
67,0.10318375,67,-0.10318375,82,1,0,,
80,-0.0054740906,80,0.0054740906,82,1,0,,
72,-0.2793951,72,0.2793951,82,1,0,,
82,-0.03552437,82,0.03552437,82,1,0,,
71,-0.24393082,71,0.24393082,82,1,0,,
82,-0.08615112,82,0.08615112,82,1,0,,
49,0.52520657,49,-0.52520657,82,1,0,,
82,-0.2232914,82,0.2232914,82,1,0,,
44,0.54761124,44,-0.54761124,82,1,0,,
45,0.9531679,45,-0.9531679,82,1,0,,
9,0.28191853,72,0.38680077,82,0,0.6687193,,
51,-0.34383202,51,0.34383202,83,1,0,,
50,0.14121819,50,-0.14121819,83,1,0,,
2,0.76450634,98,0.61324024,83,0,1.37774658,,
45,0.31521416,45,-0.31521416,83,1,0,,
28,0.35250854,28,-0.35250854,83,1,0,,
52,0.50416183,61,0.026301384,83,0,0.530463214,,
74,-0.07588291,74,0.07588291,83,1,0,,
37,0.7969513,37,-0.7969513,83,1,0,,
60,-0.22581673,60,0.22581673,83,1,0,,
35,0.13564587,35,-0.13564587,83,1,0,,
64,0.17528343,64,-0.17528343,83,1,0,,
64,0.07820606,64,-0.07820606,83,1,0,,
37,0.5864029,37,-0.5864029,83,1,0,,
83,-0.08227539,83,0.08227539,83,1,0,,
86,-0.06970692,86,0.06970692,83,1,0,,
9,0.051023483,9,-0.051023483,83,1,0,,
72,-0.2665243,72,0.2665243,83,1,0,,
67,-0.27751064,67,0.27751064,83,1,0,,
85,-0.1314907,85,0.1314907,83,1,0,,
61,0.092853546,61,-0.092853546,83,1,0,,
51,-0.18424606,51,0.18424606,83,1,0,,
74,0.18965912,83,0.287961,83,0,0.47762012,,
97,-0.27473354,97,0.27473354,83,1,0,,
86,0.054504395,61,0.17369366,83,0,0.228198055,,
48,0.08658028,89,0.134099,83,0,0.22067928,,
39,0.076890945,39,-0.076890945,84,1,0,,
38,0.36313915,38,-0.36313915,84,1,0,,
38,0.52480125,38,-0.52480125,84,1,0,,
38,0.4868269,76,0.45896816,84,0,0.94579506,,
54,0.16822815,54,-0.16822815,84,1,0,,
39,0.103155136,39,-0.103155136,84,1,0,,
84,0.14750195,84,-0.14750195,84,1,0,,
72,-0.10208893,72,0.10208893,84,1,0,,
39,-0.3197956,39,0.3197956,84,1,0,,
39,-0.03377247,39,0.03377247,84,1,0,,
75,-0.10842514,75,0.10842514,84,1,0,,
39,0.0076732635,39,-0.0076732635,84,1,0,,
39,-0.13629627,39,0.13629627,84,1,0,,
84,0.08644867,84,-0.08644867,84,1,0,,
39,0.1541977,39,-0.1541977,84,1,0,,
39,0.18638992,39,-0.18638992,84,1,0,,
38,0.5173969,76,0.19638443,84,0,0.71378133,,
84,-0.19556236,84,0.19556236,84,1,0,,
53,0.26116467,53,-0.26116467,84,1,0,,
86,-0.37061596,86,0.37061596,84,1,0,,
39,0.011931419,39,-0.011931419,84,1,0,,
39,0.1933775,39,-0.1933775,84,1,0,,
39,0.2304802,39,-0.2304802,84,1,0,,
67,-0.17788124,67,0.17788124,84,1,0,,
86,0.10136986,75,0.0010251999,84,0,0.1023950599,,
73,-0.10363102,61,0.36188126,85,0,0.25825024,,
71,-0.023797989,86,0.43843937,85,0,0.414641381,,
36,0.35421753,68,0.07116604,85,0,0.42538357,,
85,0.0042648315,85,-0.0042648315,85,1,0,,
52,0.11489487,52,-0.11489487,85,1,0,,
2,-0.06494427,2,0.06494427,85,1,0,,
15,-0.0093307495,81,0.6186609,85,0,0.6093301505,,
85,-0.03912258,85,0.03912258,85,1,0,,
40,0.24779415,40,-0.24779415,85,1,0,,
82,0.045358658,82,-0.045358658,85,1,0,,
86,-0.31562042,86,0.31562042,85,1,0,,
78,-0.13822746,78,0.13822746,85,1,0,,
63,-0.17754364,63,0.17754364,85,1,0,,
89,-0.14940262,89,0.14940262,85,1,0,,
77,-0.28910255,77,0.28910255,85,1,0,,
72,-0.32174778,72,0.32174778,85,1,0,,
85,-0.70233536,85,0.70233536,85,1,0,,
67,-0.22705555,67,0.22705555,85,1,0,,
38,0.53120327,38,-0.53120327,85,1,0,,
40,0.26691532,81,0.07817078,85,0,0.3450861,,
64,-0.018289566,64,0.018289566,85,1,0,,
88,0.14427567,88,-0.14427567,85,1,0,,
85,-0.23306465,85,0.23306465,85,1,0,,
12,0.4110384,12,-0.4110384,85,1,0,,
80,-0.069387436,66,0.19182587,85,0,0.122438434,,
88,0.1941452,88,-0.1941452,86,1,0,,
73,0.16608143,73,-0.16608143,86,1,0,,
86,-0.05999756,86,0.05999756,86,1,0,,
86,-0.117539406,86,0.117539406,86,1,0,,
86,-0.050580025,86,0.050580025,86,1,0,,
75,-0.091768265,35,0.39540482,86,0,0.303636555,,
44,0.39402008,61,0.7376747,86,0,1.13169478,,
75,-0.017235756,75,0.017235756,86,1,0,,
53,-0.09776878,53,0.09776878,86,1,0,,
53,-0.05514431,53,0.05514431,86,1,0,,
61,0.013413429,61,-0.013413429,86,1,0,,
86,-0.1770544,86,0.1770544,86,1,0,,
83,-0.014725685,83,0.014725685,86,1,0,,
58,0.24310493,58,-0.24310493,86,1,0,,
87,0.15927315,87,-0.15927315,86,1,0,,
86,0.049612045,86,-0.049612045,86,1,0,,
53,-0.042633057,53,0.042633057,86,1,0,,
86,-0.12068081,86,0.12068081,86,1,0,,
89,0.016031265,89,-0.016031265,86,1,0,,
64,-0.27211285,64,0.27211285,86,1,0,,
67,-0.118792534,67,0.118792534,86,1,0,,
53,0.10663986,53,-0.10663986,86,1,0,,
53,-0.4892254,86,0.6510544,86,0,0.161829,,
75,-0.40174103,91,0.5447521,86,0,0.14301107,,
48,0.022554398,48,-0.022554398,86,1,0,,
95,0.0980072,95,-0.0980072,87,1,0,,
49,0.33010292,49,-0.33010292,87,1,0,,
61,-0.0023155212,61,0.0023155212,87,1,0,,
62,0.06524181,62,-0.06524181,87,1,0,,
88,-0.04267502,88,0.04267502,87,1,0,,
65,0.31344795,63,0.367445,87,0,0.68089295,,
88,0.17243671,88,-0.17243671,87,1,0,,
44,0.42452526,44,-0.42452526,87,1,0,,
67,-0.1125288,67,0.1125288,87,1,0,,
7,-0.10441303,7,0.10441303,87,1,0,,
87,-0.18660164,87,0.18660164,87,1,0,,
37,0.34539223,37,-0.34539223,87,1,0,,
69,-0.3257799,69,0.3257799,87,1,0,,
38,0.15928459,38,-0.15928459,87,1,0,,
46,0.5351038,46,-0.5351038,87,1,0,,
57,0.22908592,57,-0.22908592,87,1,0,,
47,-0.11505127,47,0.11505127,87,1,0,,
38,0.10041332,98,0.13290596,87,0,0.23331928,,
65,0.009363174,65,-0.009363174,87,1,0,,
71,0.0065021515,71,-0.0065021515,87,1,0,,
74,0.24427795,74,-0.24427795,87,1,0,,
82,-0.52996826,82,0.52996826,87,1,0,,
38,0.26163006,38,-0.26163006,87,1,0,,
89,-0.08821106,89,0.08821106,87,1,0,,
50,0.59839535,71,0.5987263,87,0,1.19712165,,
55,0.23763752,55,-0.23763752,88,1,0,,
55,0.074534416,55,-0.074534416,88,1,0,,
55,0.16217041,55,-0.16217041,88,1,0,,
55,0.12391567,55,-0.12391567,88,1,0,,
55,0.15657806,55,-0.15657806,88,1,0,,
49,0.3777132,67,0.25029945,88,0,0.62801265,,
92,-0.13103008,92,0.13103008,88,1,0,,
93,-0.009498596,93,0.009498596,88,1,0,,
55,-0.07810974,55,0.07810974,88,1,0,,
92,0.05388069,92,-0.05388069,88,1,0,,
55,-0.13476658,55,0.13476658,88,1,0,,
88,0.2030077,88,-0.2030077,88,1,0,,
17,0.31140614,17,-0.31140614,88,1,0,,
55,-0.001982689,55,0.001982689,88,1,0,,
93,-0.058098793,93,0.058098793,88,1,0,,
55,0.115219116,55,-0.115219116,88,1,0,,
55,0.1315937,55,-0.1315937,88,1,0,,
55,0.11699581,55,-0.11699581,88,1,0,,
55,-0.04583168,55,0.04583168,88,1,0,,
93,-0.07969189,93,0.07969189,88,1,0,,
94,-0.05952072,94,0.05952072,88,1,0,,
55,0.12941456,92,-0.03647232,88,0,0.09294224,,
55,0.31039524,55,-0.31039524,88,1,0,,
49,0.12412357,49,-0.12412357,88,1,0,,
55,0.24618244,55,-0.24618244,88,1,0,,
96,-0.2074461,96,0.2074461,89,1,0,,
85,-0.28125763,85,0.28125763,89,1,0,,
78,-0.34558868,78,0.34558868,89,1,0,,
83,0.30338192,83,-0.30338192,89,1,0,,
85,-0.19094276,85,0.19094276,89,1,0,,
96,-0.24411964,96,0.24411964,89,1,0,,
91,0.24537659,91,-0.24537659,89,1,0,,
44,0.3616352,89,0.25959396,89,0,0.62122916,,
83,-0.14062786,83,0.14062786,89,1,0,,
96,-0.18860912,96,0.18860912,89,1,0,,
96,-0.2668152,96,0.2668152,89,1,0,,
59,0.06429291,59,-0.06429291,89,1,0,,
83,-0.16895294,83,0.16895294,89,1,0,,
67,-0.07469559,67,0.07469559,89,1,0,,
64,-0.28894138,64,0.28894138,89,1,0,,
64,0.27075672,64,-0.27075672,89,1,0,,
91,-0.13940144,91,0.13940144,89,1,0,,
89,0.085692406,89,-0.085692406,89,1,0,,
51,-0.12362862,51,0.12362862,89,1,0,,
89,0.08358383,96,0.25275135,89,0,0.33633518,,
96,-0.16709232,96,0.16709232,89,1,0,,
91,0.0151844025,91,-0.0151844025,89,1,0,,
96,0.005622864,96,-0.005622864,89,1,0,,
78,0.10325527,78,-0.10325527,89,1,0,,
96,-0.21992493,96,0.21992493,89,1,0,,
78,-0.064198494,78,0.064198494,90,1,0,,
43,0.18314266,43,-0.18314266,90,1,0,,
78,-0.4102497,78,0.4102497,90,1,0,,
90,0.07777023,90,-0.07777023,90,1,0,,
43,0.24963665,43,-0.24963665,90,1,0,,
90,0.1869812,90,-0.1869812,90,1,0,,
43,0.14311981,43,-0.14311981,90,1,0,,
36,0.1887455,36,-0.1887455,90,1,0,,
78,-0.091560364,78,0.091560364,90,1,0,,
43,0.20848083,43,-0.20848083,90,1,0,,
43,0.22364998,35,0.24289417,90,0,0.46654415,,
90,0.07348442,90,-0.07348442,90,1,0,,
90,0.20191193,90,-0.20191193,90,1,0,,
43,0.11197853,43,-0.11197853,90,1,0,,
90,0.018407822,90,-0.018407822,90,1,0,,
43,0.10869694,43,-0.10869694,90,1,0,,
43,0.26161194,43,-0.26161194,90,1,0,,
90,-0.08056164,90,0.08056164,90,1,0,,
90,-0.044397354,90,0.044397354,90,1,0,,
43,0.11015129,43,-0.11015129,90,1,0,,
43,0.12176895,43,-0.12176895,90,1,0,,
43,0.13599396,43,-0.13599396,90,1,0,,
43,0.034599304,43,-0.034599304,90,1,0,,
90,0.26009178,78,0.057231903,90,0,0.317323683,,
63,0.06268406,63,-0.06268406,90,1,0,,
86,-0.078762054,86,0.078762054,91,1,0,,
91,-0.13260746,91,0.13260746,91,1,0,,
0,0.04607296,0,-0.04607296,91,1,0,,
98,0.10967827,98,-0.10967827,91,1,0,,
67,0.07629013,67,-0.07629013,91,1,0,,
91,0.037446976,91,-0.037446976,91,1,0,,
79,-0.13687992,79,0.13687992,91,1,0,,
62,-0.153656,61,0.21992588,91,0,0.06626988,,
44,0.03577614,44,-0.03577614,91,1,0,,
86,0.087623596,86,-0.087623596,91,1,0,,
89,0.0720005,89,-0.0720005,91,1,0,,
75,-0.09542847,75,0.09542847,91,1,0,,
73,0.08319092,91,0.24559975,91,0,0.32879067,,
66,-0.36011124,66,0.36011124,91,1,0,,
86,-0.2098074,86,0.2098074,91,1,0,,
96,0.20641994,98,0.19524765,91,0,0.40166759,,
58,0.0024051666,58,-0.0024051666,91,1,0,,
36,0.38100624,36,-0.38100624,91,1,0,,
91,-0.1873703,75,0.25368404,91,0,0.06631374,,
67,0.090950966,67,-0.090950966,91,1,0,,
79,-0.14281464,79,0.14281464,91,1,0,,
75,-0.095562935,75,0.095562935,91,1,0,,
38,0.3464117,38,-0.3464117,91,1,0,,
81,-0.17706966,81,0.17706966,91,1,0,,
86,-0.1835022,86,0.1835022,91,1,0,,
55,0.11013889,55,-0.11013889,92,1,0,,
92,0.10720444,92,-0.10720444,92,1,0,,
88,-0.40391064,88,0.40391064,92,1,0,,
55,0.25692368,55,-0.25692368,92,1,0,,
29,0.30126762,29,-0.30126762,92,1,0,,
88,0.040138245,88,-0.040138245,92,1,0,,
92,-0.15546894,92,0.15546894,92,1,0,,
92,0.055782318,92,-0.055782318,92,1,0,,
92,-0.030314445,92,0.030314445,92,1,0,,
55,0.002240181,55,-0.002240181,92,1,0,,
29,-0.029114723,29,0.029114723,92,1,0,,
55,-0.031816483,55,0.031816483,92,1,0,,
92,-0.022824287,92,0.022824287,92,1,0,,
55,0.06890583,55,-0.06890583,92,1,0,,
36,0.38872814,65,0.2256012,92,0,0.61432934,,
92,-0.33949566,92,0.33949566,92,1,0,,
92,-0.094854355,92,0.094854355,92,1,0,,
92,-0.061050415,92,0.061050415,92,1,0,,
92,-0.030934334,92,0.030934334,92,1,0,,
92,-0.13425255,92,0.13425255,92,1,0,,
55,0.28506088,55,-0.28506088,92,1,0,,
88,-0.113209724,88,0.113209724,92,1,0,,
87,0.15812874,93,0.0032024384,92,0,0.1613311784,,
92,0.07949448,94,0.1291647,92,0,0.20865918,,
48,0.37179947,95,0.03557396,92,0,0.40737343,,
14,0.41738033,94,0.11598015,93,0,0.53336048,,
93,0.07583332,93,-0.07583332,93,1,0,,
9,-0.23608589,93,0.52795506,93,0,0.29186917,,
38,0.12909508,93,0.25796986,93,0,0.38706494,,
61,-0.118247986,61,0.118247986,93,1,0,,
93,0.05026436,93,-0.05026436,93,1,0,,
41,0.007536888,41,-0.007536888,93,1,0,,
88,0.03780365,88,-0.03780365,93,1,0,,
93,-0.20565796,93,0.20565796,93,1,0,,
37,0.41395473,37,-0.41395473,93,1,0,,
9,0.29008007,93,0.020828247,93,0,0.310908317,,
71,0.10751724,71,-0.10751724,93,1,0,,
37,0.44974518,37,-0.44974518,93,1,0,,
69,-0.3180256,69,0.3180256,93,1,0,,
88,-0.39816093,88,0.39816093,93,1,0,,
38,0.035316467,38,-0.035316467,93,1,0,,
93,-0.3588295,93,0.3588295,93,1,0,,
93,-0.09446621,93,0.09446621,93,1,0,,
38,-0.0972271,38,0.0972271,93,1,0,,
93,-0.06923485,93,0.06923485,93,1,0,,
67,0.023733139,67,-0.023733139,93,1,0,,
93,0.040582657,93,-0.040582657,93,1,0,,
93,-0.17816544,93,0.17816544,93,1,0,,
93,-0.080675125,93,0.080675125,93,1,0,,
30,0.10656166,60,0.4261322,93,0,0.53269386,,
9,-0.0060043335,9,0.0060043335,94,1,0,,
94,0.017848015,94,-0.017848015,94,1,0,,
55,0.17591286,55,-0.17591286,94,1,0,,
93,-0.015158653,93,0.015158653,94,1,0,,
9,-0.054405212,9,0.054405212,94,1,0,,
93,0.114709854,93,-0.114709854,94,1,0,,
14,-0.15518665,14,0.15518665,94,1,0,,
41,0.42733574,93,0.17495728,94,0,0.60229302,,
94,-0.37196445,94,0.37196445,94,1,0,,
93,-0.30454826,93,0.30454826,94,1,0,,
9,0.21935844,93,0.26100922,94,0,0.48036766,,
69,0.020277023,72,0.11252785,94,0,0.132804873,,
63,-0.32265854,63,0.32265854,94,1,0,,
63,-0.6647396,63,0.6647396,94,1,0,,
93,-0.09906387,93,0.09906387,94,1,0,,
9,-0.17463398,93,0.4114895,94,0,0.23685552,,
9,0.00074005127,94,0.59334373,94,0,0.59408378127,,
93,-0.033456802,93,0.033456802,94,1,0,,
9,0.10431957,9,-0.10431957,94,1,0,,
98,-0.11735153,98,0.11735153,94,1,0,,
42,0.24033642,69,0.25667858,94,0,0.497015,,
45,-0.047885895,45,0.047885895,94,1,0,,
93,-0.35279465,93,0.35279465,94,1,0,,
92,0.09429169,92,-0.09429169,94,1,0,,
93,0.091833115,93,-0.091833115,94,1,0,,
95,0.053987503,95,-0.053987503,95,1,0,,
69,0.10508728,93,0.058926582,95,0,0.164013862,,
94,0.012208939,94,-0.012208939,95,1,0,,
87,-0.123202324,87,0.123202324,95,1,0,,
95,-0.16331005,95,0.16331005,95,1,0,,
92,0.10994148,92,-0.10994148,95,1,0,,
57,0.3044443,57,-0.3044443,95,1,0,,
92,0.007376671,92,-0.007376671,95,1,0,,
92,-0.10164833,92,0.10164833,95,1,0,,
47,0.37924004,47,-0.37924004,95,1,0,,
51,0.27635193,95,0.007091522,95,0,0.283443452,,
92,0.16502953,92,-0.16502953,95,1,0,,
95,0.08058262,95,-0.08058262,95,1,0,,
95,-0.010444641,95,0.010444641,95,1,0,,
36,0.6566725,69,0.16755486,95,0,0.82422736,,
95,-0.17473412,95,0.17473412,95,1,0,,
92,0.18228722,92,-0.18228722,95,1,0,,
91,-0.100216866,91,0.100216866,95,1,0,,
94,-0.24928951,94,0.24928951,95,1,0,,
95,0.27651024,95,-0.27651024,95,1,0,,
45,-0.06262016,45,0.06262016,95,1,0,,
9,0.16112709,9,-0.16112709,95,1,0,,
95,0.08909607,95,-0.08909607,95,1,0,,
31,0.41974163,94,-0.03394699,95,0,0.38579464,,
95,0.36593246,95,-0.36593246,95,1,0,,
79,0.06952572,79,-0.06952572,96,1,0,,
96,-0.011304855,96,0.011304855,96,1,0,,
78,-0.11954117,78,0.11954117,96,1,0,,
96,-0.35762024,96,0.35762024,96,1,0,,
96,0.050733566,96,-0.050733566,96,1,0,,
77,0.04897976,77,-0.04897976,96,1,0,,
96,-0.15583229,96,0.15583229,96,1,0,,
96,0.0005245209,96,-0.0005245209,96,1,0,,
96,-0.02604103,96,0.02604103,96,1,0,,
96,-0.19469452,96,0.19469452,96,1,0,,
96,-0.1915636,96,0.1915636,96,1,0,,
96,-0.24224186,96,0.24224186,96,1,0,,
96,-0.68049717,96,0.68049717,96,1,0,,
96,0.06236458,96,-0.06236458,96,1,0,,
28,0.13177776,28,-0.13177776,96,1,0,,
77,-0.1280365,96,0.36088657,96,0,0.23285007,,
96,-0.4820633,96,0.4820633,96,1,0,,
77,0.04968071,96,0.16752243,96,0,0.21720314,,
38,0.13027096,96,0.38882828,96,0,0.51909924,,
98,-0.12367153,98,0.12367153,96,1,0,,
89,-0.16238976,89,0.16238976,96,1,0,,
51,0.015691757,64,0.17373276,96,0,0.189424517,,
31,0.50180244,31,-0.50180244,96,1,0,,
89,-0.063676834,89,0.063676834,96,1,0,,
41,0.44360352,41,-0.44360352,96,1,0,,
77,-0.30645943,77,0.30645943,97,1,0,,
34,0.075761795,34,-0.075761795,97,1,0,,
97,-0.3417244,97,0.3417244,97,1,0,,
97,-0.19559097,97,0.19559097,97,1,0,,
97,-0.08574581,97,0.08574581,97,1,0,,
33,0.16294193,33,-0.16294193,97,1,0,,
10,-0.034082413,10,0.034082413,97,1,0,,
34,0.24554348,34,-0.24554348,97,1,0,,
7,-0.29095554,7,0.29095554,97,1,0,,
97,-0.1697855,97,0.1697855,97,1,0,,
97,-0.02465725,97,0.02465725,97,1,0,,
77,-0.07580662,77,0.07580662,97,1,0,,
98,-0.10004616,98,0.10004616,97,1,0,,
34,0.36217403,34,-0.36217403,97,1,0,,
33,0.11117935,33,-0.11117935,97,1,0,,
22,0.032405853,22,-0.032405853,97,1,0,,
97,-0.07256222,97,0.07256222,97,1,0,,
97,-0.032244682,97,0.032244682,97,1,0,,
10,0.05632782,10,-0.05632782,97,1,0,,
97,-0.087337494,97,0.087337494,97,1,0,,
14,0.3404007,14,-0.3404007,97,1,0,,
33,0.08478165,33,-0.08478165,97,1,0,,
97,-0.13172817,97,0.13172817,97,1,0,,
97,0.021126747,97,-0.021126747,97,1,0,,
97,-0.20173359,97,0.20173359,97,1,0,,
5,0.3385334,5,-0.3385334,98,1,0,,
6,0.08070183,6,-0.08070183,98,1,0,,
98,-0.14264393,98,0.14264393,98,1,0,,
98,-0.23476505,98,0.23476505,98,1,0,,
68,-0.24140358,68,0.24140358,98,1,0,,
98,-0.42230415,98,0.42230415,98,1,0,,
23,0.41113567,23,-0.41113567,98,1,0,,
1,0.6491184,98,0.3310938,98,0,0.9802122,,
45,0.3365221,45,-0.3365221,98,1,0,,
97,-0.24751568,97,0.24751568,98,1,0,,
87,-0.14505291,87,0.14505291,98,1,0,,
93,-0.10576534,93,0.10576534,98,1,0,,
26,0.26901245,26,-0.26901245,98,1,0,,
34,0.36654568,34,-0.36654568,98,1,0,,
99,-0.35427856,98,0.40434647,98,0,0.05006791,,
98,0.17989159,98,-0.17989159,98,1,0,,
87,0.13854599,87,-0.13854599,98,1,0,,
98,-0.18727112,98,0.18727112,98,1,0,,
32,0.45093536,98,0.33589172,98,0,0.78682708,,
98,-0.27267742,98,0.27267742,98,1,0,,
98,-0.24685478,98,0.24685478,98,1,0,,
98,-0.5624323,98,0.5624323,98,1,0,,
97,-0.24135399,97,0.24135399,98,1,0,,
98,0.15251637,98,-0.15251637,98,1,0,,
98,-0.23701477,98,0.23701477,98,1,0,,
3,0.0820694,3,-0.0820694,99,1,0,,
99,-0.14723206,99,0.14723206,99,1,0,,
50,0.31315422,50,-0.31315422,99,1,0,,
72,0.13229942,72,-0.13229942,99,1,0,,
33,-0.12687778,33,0.12687778,99,1,0,,
87,0.12934875,87,-0.12934875,99,1,0,,
99,-0.1680584,99,0.1680584,99,1,0,,
63,-0.056394577,98,0.65361977,99,0,0.597225193,,
57,0.27243137,83,0.18210125,99,0,0.45453262,,
3,-0.11544514,3,0.11544514,99,1,0,,
31,0.051135063,4,0.35755634,99,0,0.408691403,,
50,-0.08854294,50,0.08854294,99,1,0,,
34,0.112314224,34,-0.112314224,99,1,0,,
63,-0.07012367,63,0.07012367,99,1,0,,
10,0.07696152,10,-0.07696152,99,1,0,,
83,0.15534878,83,-0.15534878,99,1,0,,
31,0.37285328,99,0.16331863,99,0,0.53617191,,
3,-0.09623718,3,0.09623718,99,1,0,,
72,-0.09723854,72,0.09723854,99,1,0,,
3,-0.012666702,3,0.012666702,99,1,0,,
50,-0.025779724,50,0.025779724,99,1,0,,
92,0.36193085,92,-0.36193085,99,1,0,,
82,-0.025482178,86,0.2789526,99,0,0.253470422,,
88,0.23871326,88,-0.23871326,99,1,0,,
14,0.07170296,14,-0.07170296,99,1,0,,
