0.0070202868,0.10352439,0.007854465,0.016484058,0.0014005157,0.020120239,0.018977638,0.010567793,0.0060410057,0.0147234425,0.023573492,0.043437634,0.0085095335,0.008030367,0.008818688,0.009919212,0.117639944,0.026480343,0.041159883,0.012749892,0.06295308,0.026054753,0.07330032,0.015329487,0.012825287,0.03404544,0.03390102,0.012230472,0.053232826,0.11205661,0.02180684,0.0071705277,0.013158723,0.20221929,0.0048595537,0.014147474,0.010730833,0.04831483,0.0138642825,0.0083239805,0.017270882,0.010639531,0.029647797,0.0058382363,0.14208761,0.018730054,0.011566927,0.012304686,0.0050242185,0.019780738,0.012475666,0.5924142,0.0050233756,0.0013108044,0.018150479,0.009904644,0.027339416,0.011548029,0.01950729,0.024280041,0.035069562,0.090540275,0.06308657,0.008603045
0.01880236,0.031202909,0.023584275,0.04658213,0.0095612435,0.014663311,0.008153649,0.0303433,0.008055935,0.06552559,0.030803777,0.015960537,0.11933175,0.046274412,0.014892891,0.10589847,0.013560501,0.07831134,0.028042706,0.014042937,0.018508751,0.15505122,0.11994617,0.005486292,0.017841354,0.014248867,0.022865761,0.011232817,0.04441289,0.045827493,0.014460359,0.0059926882,0.084927656,0.03723984,0.014041895,0.018962696,0.020699421,0.02244004,0.04916025,0.02290131,0.03308429,0.012144414,0.0342335,0.008329653,0.070762545,0.009774923,0.020688374,0.036747392,0.0379374,0.0331175,0.3837276,0.022396477,0.012919965,0.0049769166,0.01805636,0.049093418,0.030196324,0.026146544,0.021406064,0.025348209,0.055289857,0.019121673,0.034294702,0.017472805
0.01642861,0.02462529,0.013490025,0.029636163,0.007917741,0.02025282,0.01564571,0.08593242,0.027348688,0.018643914,0.02812962,0.018857898,0.027218472,0.016223222,0.017497819,0.010538284,0.019348495,0.02203827,0.23956628,0.037056163,0.022411464,0.042441282,0.029678842,0.015293947,0.09203472,0.039318915,0.029476432,0.010581293,0.028939065,0.02643789,0.024443962,0.0059549133,0.012467575,0.05903751,0.019839967,0.040609684,0.021475213,0.024032386,0.017499138,0.01926714,0.11680356,0.25404024,0.03755712,0.041973535,0.13077627,0.033132933,0.043782424,0.11568854,0.017828105,0.020722132,0.030677097,0.042484198,0.011340076,0.0042508016,0.025062568,0.011654949,0.022487618,0.021312915,0.018661939,0.02729286,0.014190901,0.16405094,0.020276768,0.023408966
0.09966159,0.013232245,0.010092773,0.016542187,0.029418774,0.014398378,0.018122682,0.011255854,0.095784314,0.011556229,0.035632625,0.12834142,0.025804322,0.010007099,0.032278873,0.038128167,0.014587938,0.02445786,0.027269054,0.033466958,0.008752203,0.023381116,0.018466283,0.011894776,0.019113792,0.015902925,0.024682347,0.009895592,0.02994348,0.017247012,0.022384342,0.011464168,0.012189285,0.026034184,0.09203145,0.07681983,0.0361044,0.012172874,0.049487095,0.04164889,0.013286002,0.02054476,0.04511122,0.01788744,0.012163544,0.09742917,0.009912279,0.028746719,0.013565114,0.18856104,0.014288494,0.026846115,0.014055074,0.004767822,0.009459801,0.015705932,0.012739562,0.01915076,0.007483796,0.06364311,0.015412861,0.022086766,0.012772388,0.12663244
0.045664486,0.03271675,0.015900105,0.040651716,0.08761602,0.01615988,0.012140864,0.012152636,0.03696702,0.010437858,0.056288384,0.2437995,0.030817576,0.0061850473,0.031682428,0.036812898,0.024965046,0.051690854,0.022561634,0.032731224,0.013741615,0.02062282,0.020838978,0.0050397404,0.009754407,0.008875558,0.009243024,0.009650471,0.04187049,0.014943725,0.020789215,0.010248458,0.026061593,0.025722926,0.036281496,0.040403657,0.044546448,0.010658257,0.056746133,0.045389313,0.012260359,0.018938191,0.03357002,0.013266901,0.03502366,0.03286847,0.007011608,0.012168331,0.009032448,0.047497146,0.013701938,0.018274073,0.013444045,0.0034321176,0.00982479,0.012708801,0.0069771023,0.035687853,0.008478166,0.09343874,0.019020634,0.011142103,0.0064709145,0.069998845
0.010879248,0.009267634,0.046477344,0.015893007,0.0066604945,0.039907202,0.021643708,0.055353172,0.0066837873,0.028123805,0.008847029,0.009165941,0.010235781,0.051448617,0.004781045,0.01164407,0.015623901,0.016493786,0.032661814,0.009752678,0.3827257,0.023439035,0.010305362,0.042182285,0.016598202,0.026738873,0.0059691486,0.015191195,0.031750154,0.029073967,0.01262067,0.0023970632,0.007604232,0.026379772,0.010456704,0.012223786,0.013020841,0.02917535,0.019964086,0.013996291,0.16755573,0.010084551,0.08100545,0.09597167,0.01729258,0.007733344,0.11305853,0.028521655,0.010710706,0.011006164,0.009379532,0.005647171,0.054332722,0.0038936192,0.014109417,0.020906582,0.0478311,0.009082891,0.14828059,0.008552199,0.02148697,0.016216278,0.041794382,0.036298584
0.03574511,0.047265816,0.046854187,0.0437941,0.04599097,0.03172736,0.014341624,0.011474741,0.018321652,0.01651162,0.073472,0.021108653,0.007393734,0.011187702,0.2996864,0.018269313,0.02759916,0.0225335,0.028220063,0.022177486,0.0066023627,0.21795617,0.047735002,0.008520093,0.016969278,0.024819938,0.10040709,0.04307292,0.02799686,0.019826682,0.036409516,0.025655085,0.08583376,0.026666127,0.016539844,0.010954766,0.017444342,0.030304573,0.022834407,0.028365823,0.042720854,0.014966657,0.02162902,0.008122275,0.03513629,0.020322926,0.021550994,0.009768721,0.049162276,0.020549128,0.01571791,0.044531006,0.0077953166,0.004627106,0.020481769,0.040140923,0.010363804,0.027861387,0.011099224,0.02415131,0.028200204,0.029718872,0.011612988,0.017376535
0.02370207,0.018012393,0.03501248,0.045535974,0.017803002,0.016866494,0.01138351,0.020173747,0.016149096,0.021816928,0.21641795,0.025238067,0.008244152,0.040925305,0.058325734,0.019117404,0.07430779,0.05409366,0.04931824,0.018223327,0.007279853,0.16656782,0.017746834,0.009230381,0.038911816,0.016154833,0.020187998,0.019709812,0.022810493,0.030630218,0.10479036,0.011089771,0.29216143,0.017385028,0.011972729,0.010555889,0.021459557,0.022895966,0.021008143,0.028686317,0.016744567,0.008433669,0.042087015,0.0065188804,0.030569488,0.011035762,0.011100418,0.005600568,0.053545907,0.01759238,0.024555355,0.124384046,0.0061130095,0.0032609382,0.042000383,0.018641453,0.012032023,0.03759065,0.024633694,0.023534782,0.059796043,0.024238797,0.027322138,0.019962778
0.010416458,0.0314674,0.009719629,0.021128196,0.011015835,0.015067514,0.045236573,0.018726844,0.0060737943,0.03134941,0.017706422,0.013184801,0.0057937806,0.037997186,0.015289713,0.0113029685,0.053684752,0.013953322,0.037018683,0.012202121,0.013314517,0.038912706,0.04260688,0.015906973,0.02406118,0.01750827,0.011139551,0.008594492,0.008443118,0.03661621,0.0390606,0.0079064695,0.025768006,0.011799234,0.01841497,0.010095332,0.029065356,0.2580335,0.030483391,0.021283528,0.03320435,0.021035042,0.01624882,0.039179955,0.034323364,0.007758779,0.02121379,0.04178733,0.04650662,0.012703846,0.0059734546,0.018080715,0.020125013,0.003633531,0.5240656,0.0072942763,0.032574486,0.12267145,0.015829317,0.005268019,0.024182767,0.027702458,0.035043262,0.019761104
0.016187478,0.020460654,0.024065815,0.0049010916,0.0023519087,0.08698311,0.029048257,0.02664825,0.0161461,0.053519968,0.008693908,0.014952385,0.0064871656,0.023872642,0.0049906713,0.0043045036,0.0478516,0.014960375,0.016786532,0.0066545946,0.023840707,0.03000143,0.014034889,0.30078122,0.022469189,0.021258032,0.012752636,0.009686872,0.008238187,0.08641935,0.041058935,0.004955641,0.0067400886,0.028264523,0.007962582,0.021256886,0.017298322,0.039111886,0.010293393,0.00884382,0.047770504,0.026048718,0.018205188,0.021593727,0.031946618,0.008345616,0.06690979,0.035928953,0.020185798,0.010265772,0.0048462683,0.017500367,0.015511948,0.005230548,0.03579805,0.048238967,0.06289558,0.014939768,0.018981038,0.0070349677,0.030453628,0.06621805,0.4249774,0.016898785
0.005627869,0.026570668,0.014688014,0.039725713,0.007315965,0.030473294,0.08838637,0.046936058,0.011222324,0.02752311,0.01710405,0.020775825,0.015080011,0.017610325,0.018487362,0.009420363,0.18388113,0.06249133,0.04744007,0.007912794,0.058832116,0.02735593,0.046646874,0.018632848,0.012265795,0.071459204,0.01297972,0.0069345585,0.026432684,0.3225362,0.0216185,0.0054478254,0.014404251,0.107285924,0.0136756785,0.013939829,0.012509037,0.054067973,0.006138009,0.016663192,0.041590843,0.0125655765,0.063681655,0.008029192,0.043256298,0.013236359,0.019493103,0.027602253,0.0112134535,0.017483933,0.01334694,0.0430662,0.010731751,0.002288438,0.018544482,0.016770825,0.030529168,0.018287115,0.023227863,0.031671237,0.09259028,0.058901243,0.02620745,0.011600911
0.022042412,0.013969997,0.010228861,0.019098647,0.0076195067,0.018282207,0.0202497,0.06898622,0.039673395,0.04278669,0.018694397,0.022660777,0.022974266,0.018449169,0.015281224,0.010269476,0.028012203,0.02196218,0.096247256,0.03744611,0.019484334,0.033907734,0.019888172,0.02199543,0.044019382,0.024849076,0.017244983,0.011700424,0.022479687,0.027623517,0.046501573,0.004544758,0.011542542,0.047591295,0.024769707,0.031096336,0.020731937,0.027628614,0.02207589,0.015117775,0.058069997,0.28646004,0.02670375,0.032872148,0.14387923,0.036551163,0.045995027,0.24223743,0.010848722,0.024598045,0.022019966,0.020195557,0.011337894,0.0035900031,0.020815318,0.008549398,0.04576094,0.025609918,0.026858704,0.017553415,0.014316899,0.117698245,0.021147,0.02642297
0.0050379466,0.014500405,0.02599226,0.015371772,0.010692279,0.11935636,0.007374852,0.03605076,0.009262871,0.03666382,0.018212268,0.033907063,0.029002491,0.026606144,0.00749127,0.007839777,0.0072135753,0.009046079,0.021152271,0.036625236,0.04158584,0.016442653,0.0062512625,0.026918208,0.009417887,0.023035545,0.0055994536,0.041020248,0.017673947,0.01586057,0.01880053,0.017182864,0.006090266,0.022272572,0.032596365,0.016450038,0.017112054,0.03345379,0.056421433,0.029771706,0.025237678,0.0050896183,0.027358087,0.08911782,0.008923334,0.010657186,0.04784403,0.019410118,0.015453824,0.0147491535,0.003237404,0.0023547239,0.36711547,0.0030265665,0.019621769,0.0630426,0.028893525,0.021028098,0.022058263,0.0024104328,0.05512378,0.013985489,0.03482103,0.04179015
0.004526783,0.006930972,0.2849376,0.007116578,0.0049976357,0.017577745,0.017066166,0.15610074,0.011173522,0.108720034,0.013419337,0.009857668,0.010166374,0.35410014,0.014896895,0.010334978,0.048242915,0.006135665,0.018824551,0.015578941,0.044519454,0.02004174,0.00959793,0.0742297,0.03143983,0.016797088,0.0067537706,0.012600586,0.01610145,0.045246474,0.007307521,0.00958636,0.0051061083,0.0084944,0.030829456,0.007573491,0.011039003,0.019649113,0.032922834,0.014931654,0.04500042,0.0052012065,0.10483606,0.06626483,0.014846791,0.010279484,0.052348386,0.027858268,0.0032459989,0.011758643,0.008205068,0.0025515766,0.11643065,0.0038811641,0.01737761,0.015227669,0.040270343,0.0694086,0.02736533,0.0035237842,0.03768003,0.012433466,0.017882835,0.018117137
0.047197983,0.039912157,0.014733872,0.056500975,0.038335215,0.01926802,0.018408386,0.02291232,0.034232073,0.016562687,0.07046299,0.021711845,0.009342398,0.015785672,0.030164802,0.013974383,0.023087362,0.030345947,0.03042917,0.018491965,0.016687836,0.18150482,0.035864517,0.005949697,0.0361903,0.019561818,0.03910875,0.022498157,0.047761977,0.034074046,0.02106858,0.0066102115,0.032196097,0.044365276,0.013122229,0.012415977,0.016558625,0.043067634,0.041148428,0.014381929,0.02002612,0.015196505,0.018520404,0.0074676066,0.04884947,0.013364652,0.025089154,0.018649165,0.36166662,0.025056824,0.019016156,0.018093472,0.0264003,0.0030632357,0.017255193,0.04308766,0.013078757,0.02707133,0.014277865,0.017716557,0.03881766,0.023122303,0.028181823,0.02096002
0.06410243,0.01580431,0.008961221,0.032092042,0.028627286,0.032351043,0.049571283,0.016900359,0.01869033,0.018324798,0.019639976,0.046886764,0.011228676,0.010851455,0.03377603,0.03891677,0.017974053,0.02899408,0.014868011,0.03474839,0.014746311,0.014471775,0.022360912,0.0113499565,0.01278345,0.009420143,0.011580039,0.031092076,0.14729533,0.01438287,0.019381834,0.014092432,0.0114927925,0.027891316,0.15445864,0.34342653,0.10520728,0.0170662,0.030505547,0.029495945,0.01966175,0.023766408,0.028565403,0.039679207,0.016570916,0.048929714,0.0146184955,0.052502107,0.008806835,0.05105452,0.01074984,0.005387411,0.03403214,0.0033218528,0.028303353,0.019012455,0.015409994,0.05047362,0.013289732,0.023340872,0.011384935,0.01735146,0.015730146,0.037285145
0.012591225,0.012395642,0.02324379,0.008580414,0.006555234,0.05715496,0.053877547,0.029952034,0.019987298,0.068641864,0.009689362,0.01728995,0.005938012,0.031374816,0.0057960995,0.0062332572,0.03765832,0.008449613,0.032881424,0.0057705278,0.031253565,0.02328637,0.015852954,0.27406034,0.016609145,0.034206394,0.009974989,0.009379572,0.008496218,0.29537818,0.031383377,0.0022009374,0.0118007725,0.03326723,0.01000222,0.016546227,0.0131530035,0.20015627,0.008998827,0.009324099,0.033497404,0.02153363,0.027807716,0.017544083,0.08319615,0.011590754,0.0548267,0.022675581,0.008299606,0.007503643,0.005868788,0.019845009,0.014728482,0.003782034,0.03077634,0.03454281,0.043140884,0.011873571,0.031352337,0.0059681595,0.031678885,0.0502223,0.03464874,0.01874149
0.005638196,0.019244263,0.013135897,0.004591059,0.005001818,0.048675332,0.0057237605,0.09850173,0.003775887,0.055098373,0.0067360154,0.012813371,0.011700289,0.020837963,0.008709672,0.010648323,0.006802769,0.008545268,0.014141747,0.11923209,0.015929073,0.010633123,0.0061499174,0.12889904,0.015870562,0.020225221,0.010214378,0.025355466,0.056905843,0.0054243994,0.008192306,0.019685332,0.0010695091,0.01428368,0.11711521,0.01954855,0.01193824,0.020627797,0.047388848,0.03653033,0.013815917,0.0027152158,0.016381377,0.35802197,0.0046955487,0.0059049204,0.022764068,0.01825772,0.006385533,0.012962204,0.0077391528,0.0014407587,0.18581308,0.0016776572,0.014690811,0.2809186,0.007215705,0.010532631,0.0063728993,0.0046372176,0.014967729,0.018286275,0.01445108,0.017085599
0.0159154,0.024473125,0.055559084,0.035378594,0.01295937,0.021232177,0.009499709,0.012884945,0.00917965,0.043595795,0.111510076,0.025976127,0.017240804,0.01143886,0.04305054,0.01788476,0.010042354,0.046571396,0.03164055,0.022745127,0.015067071,0.16928697,0.015951699,0.014714125,0.017813873,0.022393696,0.022844492,0.017471172,0.018825484,0.029102864,0.03338861,0.008772065,0.04333957,0.035086706,0.008788369,0.007020489,0.018628087,0.031849377,0.04129032,0.027018707,0.018712835,0.004099777,0.021752391,0.0076923487,0.046389412,0.01585877,0.03838768,0.007274494,0.032627005,0.016050827,0.019385017,0.028806716,0.021467132,0.0027074628,0.013489434,0.21622647,0.0059756385,0.0118633155,0.0067821336,0.0098246,0.19653122,0.019701647,0.035903566,0.025246955
0.24175361,0.014557686,0.018922905,0.022831341,0.020211788,0.010817661,0.090666994,0.011889363,0.029284863,0.019695332,0.020146104,0.034908146,0.008535219,0.015649153,0.0255958,0.018654222,0.009793497,0.025222573,0.01565487,0.028535921,0.010258121,0.019883523,0.016835496,0.013050267,0.052670874,0.010943292,0.013046131,0.014860419,0.032627426,0.013219123,0.010789673,0.012259722,0.009888382,0.04252378,0.271181,0.07292488,0.07133847,0.007064751,0.049250595,0.03436223,0.016461056,0.018933939,0.06771098,0.0240887,0.027508698,0.05468203,0.008548806,0.050408084,0.007662208,0.10654292,0.01183909,0.011721039,0.02413984,0.0039225575,0.020539138,0.014168692,0.012808071,0.058669794,0.022458002,0.022518678,0.022188991,0.013969003,0.008803161,0.043521825
0.008748522,0.00832935,0.019277424,0.022882186,0.0035930253,0.02680225,0.058033295,0.03087437,0.0017480393,0.010216207,0.0093327705,0.009555116,0.0039517297,0.016665082,0.0082307,0.028442716,0.023821678,0.005572058,0.016919618,0.001629602,0.064416535,0.013595877,0.014728522,0.018642908,0.05745031,0.01358626,0.0060692597,0.0135754105,0.012907505,0.04993724,0.05942439,0.0035444552,0.03152078,0.050794326,0.013741788,0.010694439,0.022476204,0.033286802,0.013011643,0.0048098047,0.06944573,0.004994398,0.102087006,0.023922017,0.010828757,0.004200306,0.13372415,0.015182333,0.010465124,0.014456084,0.013425358,0.0060696877,0.015490532,0.0009755919,0.01177863,0.008710312,0.06291626,0.0052016047,0.55185705,0.0049819364,0.023430493,0.01548897,0.025316123,0.016246602
0.074513465,0.006995043,0.011132232,0.0204082,0.011716433,0.01433244,0.009026445,0.042005554,0.38481247,0.026778555,0.033859454,0.05831643,0.018831154,0.011580178,0.018373445,0.014623802,0.038645554,0.025477784,0.02376302,0.020365551,0.010064139,0.0378151,0.009860176,0.01205616,0.03655941,0.010363922,0.012887918,0.0084782895,0.05469863,0.030831344,0.026055615,0.0059783747,0.01706097,0.015308016,0.05196292,0.039536513,0.028161736,0.028172249,0.046222586,0.033720497,0.016756339,0.042590406,0.028104046,0.015045619,0.029436115,0.15800518,0.012879299,0.048003666,0.009413696,0.051036023,0.007131096,0.027749076,0.012828279,0.0018524423,0.015169004,0.009650102,0.027258117,0.023938395,0.0060830167,0.038333304,0.027006187,0.01872459,0.0121169435,0.055967506
0.0063803443,0.014027122,0.019219398,0.035890985,0.006555528,0.03695546,0.055723395,0.22814326,0.022333262,0.015108144,0.024103513,0.01059004,0.007608389,0.014857121,0.00840082,0.012888336,0.36076018,0.054618787,0.053205315,0.005152779,0.026102437,0.027477615,0.060743496,0.03508043,0.012675905,0.034489624,0.010407044,0.009746477,0.015468514,0.07002883,0.028666671,0.0031346527,0.008921034,0.031221228,0.011787587,0.0147791635,0.018328331,0.313772,0.0065853205,0.0071969917,0.03577542,0.013039318,0.026632152,0.018791776,0.031478256,0.01368565,0.06558661,0.014537726,0.017662238,0.010145726,0.008108599,0.020079385,0.017107265,0.0029204704,0.030011738,0.046718553,0.039698325,0.012287546,0.026459003,0.0141701475,0.042929757,0.040186424,0.019660024,0.025817376
0.015161383,0.0576587,0.007144268,0.008689889,0.016899647,0.4123976,0.028001182,0.0045567877,0.008484793,0.031392407,0.031623773,0.046211112,0.102609485,0.008109678,0.033831935,0.005845709,0.013555958,0.049179617,0.009629566,0.2772019,0.026117934,0.024109097,0.008938822,0.013544829,0.004165632,0.08916098,0.023943689,0.015511034,0.025025394,0.009919687,0.010716282,0.03198183,0.0037073116,0.015876167,0.02996623,0.005895328,0.018763958,0.0040373327,0.021658981,0.01949583,0.0065057734,0.011601757,0.0075377617,0.010907852,0.0075396774,0.017876593,0.012063068,0.008818377,0.01232502,0.022272453,0.060481872,0.008607758,0.021030508,0.008719665,0.002026402,0.016898938,0.0024368803,0.009901435,0.009684008,0.01985227,0.08746948,0.013355801,0.0047725076,0.03631308
0.055167228,0.06314234,0.16911289,0.042538896,0.0149116535,0.01996922,0.013245105,0.017038735,0.012928612,0.010191013,0.0727695,0.033940863,0.018449455,0.0040886635,0.0692005,0.0123103615,0.019020872,0.077076055,0.068202436,0.01033085,0.013634611,0.06622878,0.008358468,0.0054689967,0.050605215,0.01041598,0.039991774,0.026575536,0.015788954,0.01845794,0.11288599,0.006049837,0.5308074,0.03364972,0.01208803,0.018628005,0.019873833,0.02142001,0.009080186,0.01730102,0.018499091,0.020073736,0.020748295,0.005006918,0.05507103,0.0040594228,0.019759621,0.0047485293,0.040527243,0.01258834,0.031269934,0.03058842,0.007279877,0.003030672,0.020119026,0.024605319,0.013101421,0.018833647,0.069635026,0.042419188,0.024091864,0.0123400055,0.019974953,0.018042354
0.010097609,0.01281128,0.033171065,0.0153875025,0.008171396,0.030644711,0.02851035,0.032769058,0.006614684,0.02175607,0.008055624,0.01376251,0.009346859,0.038301278,0.0072290325,0.009082619,0.015201487,0.01650618,0.033003133,0.011338618,0.14759946,0.024530718,0.01423114,0.030307617,0.013882222,0.066096194,0.009484564,0.0119110355,0.02953286,0.03545761,0.013613724,0.0040337034,0.010320045,0.03808084,0.013736054,0.01576378,0.012184206,0.023367753,0.021597302,0.0117615815,0.0678053,0.008089022,0.29707533,0.113106824,0.032384448,0.011140857,0.1258496,0.026790557,0.010016496,0.014366736,0.014353964,0.013451751,0.023907345,0.0034280175,0.015655445,0.02403353,0.04386221,0.013888019,0.1253347,0.00970439,0.04398758,0.017386196,0.03091625,0.024540313
0.019832756,0.05129151,0.0368778,0.3420734,0.032475915,0.020605458,0.03430174,0.014826107,0.019407727,0.023755,0.056571946,0.030529661,0.020849701,0.011872879,0.07290082,0.023691729,0.13195245,0.08807358,0.03314404,0.010854992,0.019442555,0.029375033,0.031999238,0.0045004818,0.01266116,0.025722573,0.02191996,0.031230167,0.037357774,0.034226287,0.04308962,0.008175467,0.060642175,0.045074858,0.031775795,0.021766309,0.017839286,0.02969206,0.019583467,0.023698485,0.023411198,0.019425327,0.029801242,0.011458691,0.065817446,0.012916343,0.014437177,0.015428547,0.03933931,0.02198445,0.032130472,0.020235844,0.0188046,0.0038364853,0.033480007,0.012639937,0.014788374,0.08023951,0.048462328,0.0326182,0.030362016,0.038597755,0.007853491,0.016187083
0.016263776,0.017251661,0.0271452,0.12733702,0.07409773,0.032482505,0.009581665,0.012217657,0.020498807,0.020471606,0.054201964,0.07994452,0.05229753,0.014265345,0.02009129,0.025485901,0.010546051,0.07498483,0.01659092,0.044970404,0.045172412,0.026356088,0.013842703,0.0077623855,0.011071034,0.017607214,0.0064484375,0.009674592,0.017585834,0.016039357,0.027198939,0.014064744,0.010302482,0.031786688,0.022238765,0.022989022,0.0718729,0.026150031,0.061256357,0.22242722,0.023729933,0.00320328,0.019715713,0.012330416,0.031978834,0.025707118,0.010547369,0.009353882,0.023985146,0.030251712,0.019139046,0.0045936564,0.030974917,0.007919806,0.015693903,0.031798765,0.0075390753,0.018185703,0.0061202985,0.025151752,0.11963657,0.011930776,0.011890297,0.022666618
0.009878566,0.018324895,0.0057744426,0.032008,0.0043823402,0.07125329,0.43639496,0.03730118,0.012632042,0.023236295,0.012569381,0.01654578,0.015099998,0.008270571,0.015099801,0.0099817235,0.10416171,0.015974965,0.022483654,0.015741596,0.016234286,0.025782635,0.026165035,0.036540795,0.020174569,0.02165884,0.022329448,0.022857018,0.015573456,0.24298598,0.058732938,0.007288489,0.009815754,0.069717064,0.025490798,0.017621288,0.027919235,0.065552704,0.0058462885,0.013970741,0.024203388,0.02695286,0.030397248,0.0101295,0.024331572,0.0095256325,0.027084637,0.041279174,0.008296508,0.020048024,0.00854653,0.016001182,0.008091124,0.0035849074,0.016229419,0.020955581,0.1633153,0.0145470565,0.040111676,0.0122467745,0.08017738,0.13344629,0.021465344,0.014336427
0.017018722,0.02629058,0.024461882,0.11130124,0.04396967,0.017191323,0.025846452,0.01981393,0.01249351,0.017723056,0.01941895,0.026708603,0.0127561055,0.009556929,0.042380705,0.32664287,0.019502636,0.01755249,0.022438625,0.020914994,0.01005641,0.024936516,0.017165098,0.005661968,0.013561777,0.015637323,0.024895646,0.03499997,0.05365631,0.015118517,0.052681122,0.016265156,0.011376544,0.028254623,0.052564856,0.044122674,0.046556894,0.016441928,0.031378757,0.048782103,0.030239137,0.007317579,0.016835468,0.01664229,0.016830899,0.049103405,0.019658322,0.024856742,0.019204292,0.060701378,0.022998398,0.009496467,0.029853813,0.0035302392,0.017352931,0.06119654,0.022887634,0.030909702,0.028542897,0.015662253,0.055107802,0.01568746,0.009699432,0.024148785
0.022982167,0.02432003,0.033543993,0.047902856,0.017227398,0.042799987,0.010548591,0.009700827,0.014967161,0.025293514,0.065887116,0.1070614,0.335211,0.010464006,0.009459592,0.017953152,0.011769735,0.04163632,0.025826886,0.05991642,0.021544803,0.017462106,0.014281658,0.003995328,0.008634196,0.027802052,0.017337352,0.019900942,0.026768068,0.011403901,0.075992,0.0077157887,0.02521422,0.026431493,0.016029617,0.019225383,0.14524157,0.01824584,0.01784605,0.043385893,0.023604851,0.011543427,0.020600999,0.008780989,0.02903773,0.05272424,0.03082452,0.021607066,0.018490925,0.04550261,0.018755188,0.010710723,0.05507042,0.00444716,0.0076530334,0.030258857,0.023034241,0.016966933,0.0073019527,0.019287452,0.047632452,0.010902357,0.04263268,0.01924596
0.061819848,0.00877421,0.011265115,0.014538667,0.019455917,0.01282278,0.028941384,0.0114393495,0.043898053,0.023575135,0.015649918,0.052997146,0.014708733,0.009003279,0.03403195,0.05854624,0.006702242,0.019210994,0.0141189145,0.027271418,0.0065078908,0.013836144,0.03819194,0.019275531,0.010860621,0.009798463,0.015138251,0.015704421,0.03300288,0.0130389305,0.0089335255,0.009518196,0.0047313557,0.023191223,0.22923008,0.06015326,0.073698774,0.006584808,0.062174022,0.026927032,0.008861217,0.014879698,0.036077086,0.01852829,0.014230482,0.26912183,0.01700124,0.046404082,0.0033613816,0.077594005,0.008272983,0.025612965,0.019176738,0.003169297,0.022125626,0.01091129,0.009667225,0.022627834,0.011047684,0.019732522,0.015355474,0.015540258,0.010087654,0.10626265
0.020270046,0.027161775,0.021527003,0.041875,0.022642853,0.01823964,0.011204636,0.040823884,0.01984281,0.031568956,0.025299849,0.034024388,0.053654153,0.018342145,0.014530222,0.02729128,0.03643032,0.30006474,0.03480095,0.020705562,0.038641106,0.029263193,0.05043206,0.011408052,0.017953139,0.031456232,0.02185635,0.014991423,0.047794428,0.031767994,0.017321652,0.016849808,0.023191739,0.055088423,0.04575921,0.03748874,0.023846809,0.022154389,0.02106712,0.027069384,0.0394303,0.045711156,0.023355221,0.02323191,0.04730542,0.018686483,0.02543824,0.13840184,0.02589233,0.016045691,0.032753386,0.013639055,0.017182432,0.0033383865,0.021600787,0.023406612,0.020778418,0.025285622,0.015003601,0.059568312,0.02808792,0.035917383,0.038344465,0.019030742
0.0055234837,0.13329399,0.016867574,0.010529837,0.015479575,0.042939626,0.031952776,0.010221989,0.006171888,0.16083896,0.035082098,0.018391522,0.01094449,0.007776051,0.025974007,0.009046635,0.006927494,0.03078454,0.005080715,0.06463367,0.01647237,0.009711859,0.00886991,0.033597253,0.01903159,0.02536908,0.010423066,0.03213767,0.0086179245,0.009211196,0.014200045,0.071440905,0.011285687,0.018202422,0.039426032,0.004502524,0.011571922,0.007930255,0.13789181,0.031880554,0.007787181,0.003072027,0.013839599,0.049222026,0.015266121,0.009671784,0.009651154,0.0056628273,0.014327335,0.015327936,0.0071749636,0.008922223,0.030000089,0.0047586556,0.025865734,0.032276154,0.006822748,0.010954954,0.00943197,0.0053066504,0.05325639,0.02993226,0.011494526,0.19355467
0.092443086,0.03557228,0.017685676,0.025570113,0.08739883,0.015026527,0.12757201,0.007880241,0.0078105726,0.014043108,0.05372171,0.039749276,0.019020183,0.005206423,0.044337697,0.040612906,0.01759559,0.022258328,0.016452018,0.024806852,0.016990501,0.022506889,0.023986256,0.00655348,0.013957258,0.008836944,0.017828193,0.020778732,0.03393505,0.01013073,0.011824297,0.007684787,0.009956773,0.042890295,0.026660489,0.042355325,0.113325514,0.010327888,0.053892408,0.02222276,0.062423453,0.027930569,0.020722639,0.011822007,0.013903871,0.059908647,0.0068442477,0.018484274,0.013745348,0.3392982,0.10465646,0.0061622607,0.009943324,0.003952305,0.017141951,0.019898407,0.0053097736,0.109800324,0.010635488,0.0625903,0.019120304,0.01551987,0.008691078,0.029921947
0.024860635,0.01932649,0.011541548,0.018628648,0.011450106,0.02274257,0.02196024,0.12046344,0.06889592,0.04761091,0.023642374,0.019247947,0.02274194,0.014240362,0.028978938,0.012616161,0.03593854,0.014888075,0.079062775,0.039094787,0.016258698,0.03875618,0.018380933,0.021392357,0.06626088,0.015422124,0.026769128,0.015946945,0.025295952,0.023155434,0.025857521,0.0055232476,0.012119763,0.04327583,0.022087084,0.06425296,0.022509797,0.027925098,0.019844634,0.012581343,0.11105505,0.32504907,0.017699365,0.024267888,0.16538209,0.08997192,0.04306873,0.1293882,0.009195475,0.026267843,0.020413348,0.02075098,0.0134180775,0.003532271,0.017717483,0.008899944,0.033562463,0.028573083,0.014493074,0.021743393,0.020645775,0.09881482,0.020591175,0.03154195
0.049123917,0.015529667,0.0068962937,0.028923118,0.025659867,0.026952257,0.03670083,0.032051746,0.011083947,0.008499187,0.06521784,0.035190873,0.022526816,0.014006872,0.032437734,0.014824207,0.08222186,0.0382672,0.062361326,0.018818058,0.016726745,0.028340515,0.045534223,0.0125589995,0.032610368,0.05499614,0.01954356,0.012716904,0.028272435,0.03854866,0.015159729,0.009704153,0.032059584,0.052487817,0.02370111,0.074842565,0.041699823,0.016737958,0.020325221,0.018155225,0.081162,0.04809456,0.030163987,0.047156535,0.040629,0.02348777,0.015599447,0.023323143,0.0058000293,0.15264088,0.23066068,0.07663207,0.005978648,0.0036924714,0.012764387,0.015270321,0.011719045,0.020335766,0.008459528,0.4550246,0.020623578,0.09875198,0.019819254,0.038192187
0.0053264657,0.019443441,0.024099914,0.00848655,0.0045339926,0.028320603,0.00784176,0.2772865,0.013278144,0.025620217,0.010894999,0.008064386,0.012169592,0.03651482,0.009452081,0.015991041,0.015208801,0.007433369,0.029511696,0.062279336,0.03557599,0.012387159,0.0070695346,0.19408897,0.015502388,0.019340774,0.009017978,0.03517247,0.04364754,0.01251536,0.008445951,0.02673604,0.0024336043,0.036223367,0.061947227,0.016093303,0.010823164,0.02898523,0.09009024,0.032051705,0.023339463,0.0028502392,0.024680134,0.12090799,0.007108382,0.0075347098,0.025207883,0.018234428,0.0070954436,0.009858585,0.020450767,0.0030546284,0.21496436,0.0033031513,0.010235311,0.05580801,0.017927282,0.016483387,0.014527614,0.005576831,0.034252893,0.016435074,0.007516843,0.017191868
0.068160444,0.020220866,0.011209572,0.023397792,0.062324233,0.009772952,0.043167368,0.013956976,0.016632605,0.008623841,0.04391867,0.06523578,0.022328688,0.0084696235,0.026670845,0.03886503,0.0083889,0.03251024,0.019862626,0.047909033,0.008327507,0.022621106,0.012345482,0.011829119,0.034382373,0.00548843,0.02603027,0.011839178,0.032317024,0.010986095,0.01647933,0.009107341,0.015101345,0.034145247,0.043566186,0.045550253,0.29819787,0.015531521,0.06237667,0.03198555,0.022739833,0.023334937,0.014261346,0.017311318,0.008257291,0.04948724,0.009731695,0.028817596,0.014525204,0.11901874,0.01815229,0.0041961516,0.010740652,0.0056123617,0.029036079,0.022137666,0.015194738,0.122349575,0.0066624233,0.06720253,0.02075832,0.020791812,0.014323045,0.027675698
0.0041592536,0.028165977,0.06652493,0.01592996,0.008031827,0.026622215,0.012236849,0.049649727,0.0067440337,0.023647808,0.033336088,0.010452161,0.020257927,0.011884809,0.008822968,0.021903025,0.01962597,0.021247689,0.034945004,0.011591279,0.04532134,0.037439127,0.077983156,0.019080324,0.018018005,0.46582836,0.025615536,0.009442944,0.015999595,0.024491955,0.02055715,0.0047892914,0.006803053,0.029254746,0.03708358,0.007671938,0.021848865,0.07583719,0.008494811,0.0049747624,0.016848424,0.007838509,0.04545693,0.032546416,0.03625786,0.010777351,0.58208156,0.0121301925,0.019751249,0.015629062,0.0061281957,0.03221875,0.017271213,0.0034845765,0.010521707,0.03931942,0.056708638,0.017420983,0.022154834,0.0050943126,0.03576855,0.028996574,0.029958816,0.023508899
0.012252739,0.023670841,0.0109375045,0.019444425,0.002745438,0.09476411,0.055038102,0.053009488,0.015122454,0.020939652,0.01168859,0.020986997,0.015754852,0.022662945,0.013807692,0.017646054,0.08959306,0.013392459,0.022945678,0.015719488,0.023424087,0.032041598,0.024680847,0.050625715,0.026739618,0.031157425,0.020728173,0.025708115,0.023658635,0.0552753,0.07736125,0.011570981,0.009149018,0.12249263,0.019990284,0.026018728,0.019969204,0.041598357,0.010410301,0.012246878,0.028923554,0.02026017,0.02719487,0.015054979,0.020232854,0.009792674,0.054524478,0.035879854,0.011105328,0.016550971,0.011246868,0.017979316,0.028022736,0.004910122,0.0148211615,0.025160672,0.3086728,0.01570791,0.03239543,0.012979227,0.018021056,0.08427832,0.07165999,0.024198106
0.03012062,0.020107036,0.049204607,0.02905993,0.002913259,0.0072922027,0.0058753253,0.02298133,0.013808043,0.024606315,0.0259544,0.01582301,0.0041020233,0.16831987,0.014982191,0.014537309,0.019783076,0.014052945,0.020430809,0.018961681,0.015953472,0.031927425,0.008089948,0.013896971,0.560661,0.01431667,0.0060929153,0.0092239585,0.0087885745,0.04975512,0.05070177,0.008476215,0.028492061,0.018553616,0.016280996,0.008106869,0.015305416,0.09935072,0.017518349,0.013895948,0.024713714,0.011946138,0.026687492,0.02836417,0.05486033,0.0048345146,0.040551595,0.027437717,0.0475252,0.018087314,0.005497141,0.007488739,0.013127456,0.0024603268,0.043383375,0.017136311,0.06407794,0.058633894,0.045758605,0.007786319,0.025837328,0.02072185,0.04719756,0.010305814
0.05665237,0.014466287,0.008726727,0.03044741,0.3193951,0.038108945,0.09692351,0.009509743,0.015611159,0.017812343,0.044383816,0.038854603,0.009549243,0.005548116,0.052136064,0.022739863,0.028925655,0.024001213,0.018044064,0.019319829,0.015136999,0.036157653,0.025894945,0.010422089,0.011903245,0.043307938,0.0181983,0.009828827,0.017523378,0.0128347855,0.02282863,0.012831065,0.00863022,0.04461605,0.025185814,0.018500742,0.05886642,0.016498525,0.06190021,0.060232725,0.025623633,0.010064956,0.057340402,0.011109854,0.022230148,0.0269524,0.011257223,0.013357893,0.033783887,0.071820654,0.012356699,0.0027727133,0.020305507,0.004556755,0.02217067,0.117530756,0.0029185195,0.037865385,0.022488028,0.03113355,0.027170101,0.013773569,0.004641329,0.08008221
0.41869116,0.01793577,0.008526358,0.022956226,0.16769359,0.022806332,0.062032066,0.012350357,0.033276394,0.039156757,0.040461447,0.043417502,0.012680373,0.002814241,0.09809122,0.022585178,0.15341568,0.01738349,0.011015308,0.031086834,0.009711659,0.020113602,0.040258043,0.008616272,0.007863548,0.0074874414,0.021829868,0.020058459,0.030573394,0.007518571,0.008304128,0.0066111945,0.017353369,0.03116303,0.033025224,0.112144805,0.07320111,0.026920667,0.04772827,0.024653858,0.019225135,0.03561531,0.017082004,0.009950659,0.030677749,0.17721488,0.008595939,0.016677372,0.006504246,0.1386303,0.02442257,0.0041859644,0.0077042906,0.003931905,0.010793732,0.034177948,0.0035243835,0.022475975,0.010432495,0.06261688,0.017961847,0.011955251,0.008316402,0.03403855
0.015148492,0.012847769,0.030639336,0.12158359,0.056116257,0.02497324,0.027842628,0.016616387,0.012717991,0.02356108,0.07127975,0.030683748,0.021678278,0.015170534,0.022377826,0.027624585,0.018095054,0.05920126,0.03419804,0.020598428,0.014616968,0.062358048,0.02574776,0.004341706,0.01869312,0.020222304,0.018224938,0.014103798,0.023769338,0.017626906,0.11559768,0.007915458,0.018764684,0.054718222,0.022505246,0.032252803,0.057335153,0.028530626,0.022763336,0.06911435,0.09349959,0.007851358,0.023577744,0.015504875,0.019400382,0.020502083,0.019653963,0.012004757,0.035327774,0.03188072,0.015129653,0.0115059,0.020124694,0.0058005094,0.027199497,0.034422066,0.008673834,0.021930465,0.014855461,0.01872375,0.14393397,0.0136470245,0.022553334,0.017422356
0.015913358,0.08912368,0.12972333,0.12260574,0.026645942,0.019036042,0.037700705,0.0119440025,0.01782454,0.034292035,0.04283136,0.018895054,0.021463998,0.02032696,0.13772266,0.020776734,0.055446938,0.038675927,0.048276864,0.0214208,0.025926247,0.028641738,0.019233335,0.008124389,0.019032495,0.025279248,0.02215192,0.042733002,0.03092241,0.03373275,0.060884766,0.016422639,0.036180303,0.04387175,0.019165728,0.013609711,0.013830176,0.022782104,0.020888897,0.04671194,0.030096205,0.017381301,0.020487128,0.017114483,0.1247768,0.011949659,0.025179375,0.02017876,0.06260357,0.0197327,0.028675064,0.025586514,0.021070968,0.0047340514,0.049431503,0.023951821,0.011514347,0.026455421,0.018601263,0.011192289,0.043546714,0.065762974,0.010612125,0.016893638
0.026935976,0.010437879,0.010339529,0.019769184,0.0077927206,0.026670888,0.01589021,0.026737953,0.095265366,0.11355439,0.01595243,0.022584232,0.020464493,0.015187784,0.014235604,0.008891,0.049323898,0.028820904,0.056354593,0.014566723,0.01626844,0.040158868,0.018334763,0.037856955,0.029151691,0.014000119,0.0175537,0.010156045,0.028150383,0.025007531,0.040332206,0.0048335483,0.009070522,0.093179934,0.02889001,0.03125703,0.01912347,0.025568642,0.016250435,0.016444562,0.0720977,0.23636279,0.022220343,0.039132733,0.046083327,0.03969684,0.04539213,0.2644334,0.008147507,0.018176407,0.011691221,0.02057695,0.015659958,0.0040485887,0.02630788,0.008126879,0.033806473,0.022901298,0.018789861,0.011646479,0.015157483,0.03050782,0.037185848,0.023065705
0.005915376,0.24431977,0.020819345,0.03162626,0.0146162,0.05994031,0.021262703,0.0116919335,0.0046510804,0.04220485,0.012650393,0.025212172,0.008963666,0.011728868,0.04380313,0.028535403,0.056675933,0.020680385,0.0029440622,0.09667375,0.017529126,0.012087128,0.04444811,0.014416262,0.010696138,0.043110427,0.05678563,0.06470365,0.011159382,0.006857164,0.0124852555,0.6058861,0.0076648304,0.021999298,0.035240106,0.0038867225,0.0046709855,0.00898745,0.057784617,0.029431168,0.008024104,0.0027084893,0.013708655,0.02243596,0.012173664,0.0040085567,0.0061301175,0.008301833,0.023230247,0.014783815,0.011794753,0.0148106795,0.041441016,0.001645748,0.0048280763,0.051544156,0.0082859155,0.010222855,0.043802742,0.013358145,0.037683357,0.045565605,0.0009819937,0.024764573
0.015587537,0.007957094,0.014946847,0.03797432,0.017447056,0.010594168,0.0098548485,0.014425806,0.014441721,0.03171096,0.017488781,0.01314777,0.0075927055,0.20394114,0.032745864,0.008052476,0.04704532,0.010124049,0.016375465,0.0115513215,0.008099891,0.042262044,0.014015216,0.012098236,0.052400835,0.041275468,0.00849824,0.007229178,0.024201203,0.06305194,0.054417208,0.007249102,0.010650238,0.008991048,0.025441917,0.006752045,0.015807834,0.26163524,0.01301739,0.031548608,0.0160013,0.013366712,0.044326194,0.028267452,0.09356288,0.006472895,0.017924728,0.030442944,0.051310454,0.014374987,0.0048472863,0.007367703,0.011003811,0.0032284423,0.1707001,0.01119063,0.059589688,0.4956447,0.0057638977,0.0077556623,0.014269461,0.040492,0.025413077,0.009377727
0.010750683,0.01870848,0.009666958,0.01729321,0.020907246,0.10656965,0.0047033206,0.025224661,0.0054587126,0.2919146,0.016162258,0.027875474,0.07715997,0.020928564,0.023020653,0.023201112,0.010989279,0.0329465,0.009114883,0.3296552,0.03914649,0.016669137,0.011430249,0.014385258,0.0046442174,0.107451156,0.011453943,0.02185207,0.125354,0.010480741,0.00853774,0.030174801,0.0040684654,0.012190744,0.045837235,0.008431315,0.0087703895,0.004499449,0.02701138,0.15798867,0.013186156,0.0019135611,0.0064205397,0.018892448,0.016659468,0.009291317,0.013891947,0.0152541725,0.016007995,0.02013482,0.009317373,0.003041426,0.12726961,0.0035263791,0.006112319,0.035304576,0.030385941,0.017016934,0.003103447,0.029234797,0.035590157,0.008401072,0.005398859,0.0145298345
0.041271005,0.024860317,0.008594868,0.03944992,0.06280792,0.025619207,0.02491129,0.026752798,0.0176718,0.0117026875,0.051401574,0.061957557,0.017688079,0.007910726,0.04259438,0.03743608,0.022754269,0.07352948,0.06749503,0.029818578,0.020329323,0.04425842,0.018828293,0.007930251,0.015767911,0.020378113,0.028165523,0.011379794,0.059052214,0.024919303,0.028849253,0.0075029167,0.04780619,0.05970092,0.016275631,0.02838078,0.06490872,0.014649735,0.034563784,0.027869128,0.041714936,0.023664765,0.02434267,0.018182319,0.050631512,0.024582706,0.01743713,0.013219642,0.015528116,0.052123863,0.059179373,0.018772088,0.009158937,0.0046055196,0.017418671,0.01688681,0.010882285,0.027031288,0.011250202,0.26959717,0.022244941,0.02027541,0.01240615,0.033792
0.017986782,0.04053308,0.005142579,0.028440112,0.03709108,0.0139002185,0.031128228,0.018633977,0.010672852,0.019911695,0.06628226,0.023560477,0.012447246,0.0074262125,0.014071335,0.015907403,0.013621332,0.030166652,0.016738854,0.018799003,0.0107503235,0.034906175,0.17495318,0.02120807,0.015950572,0.017239043,0.02895926,0.014665864,0.025958592,0.025478859,0.0160144,0.012286816,0.012483928,0.305134,0.023698036,0.031453237,0.026818424,0.019522248,0.0728454,0.014271979,0.015712162,0.016640168,0.026407165,0.00597576,0.015992543,0.024792045,0.012014748,0.022093564,0.023823524,0.027207397,0.024319889,0.028856836,0.017073682,0.0022746816,0.01727835,0.03063737,0.02606427,0.023059128,0.011112903,0.022337113,0.033976767,0.05676237,0.011248093,0.0188501
0.0019021729,0.07003808,0.0048607416,0.0055794856,0.010459278,0.03126664,0.0038236752,0.04331461,0.012057289,0.0395704,0.008888643,0.011076305,0.0061317445,0.01352544,0.04091891,0.08215013,0.03458457,0.013728722,0.0020049033,0.11899649,0.017153556,0.011801562,0.0068715885,0.008979812,0.010028532,0.06776428,0.011668551,0.046613373,0.018798256,0.0034067577,0.0051969364,0.66252565,0.00303443,0.005699185,0.05529447,0.0028044772,0.0044098157,0.009143043,0.05499746,0.06839874,0.0049845465,0.00045482666,0.02175852,0.017047765,0.0035386228,0.0061757634,0.0024613496,0.0052687777,0.0233779,0.0123259565,0.0036070095,0.030415142,0.07075872,0.00094558107,0.004578064,0.056704342,0.008656782,0.015603563,0.014648667,0.010365035,0.02741414,0.061043892,0.0005298066,0.03810741
0.015699768,0.18962237,0.012791075,0.028684627,0.0024279165,0.027116386,0.04792271,0.016325306,0.0037317555,0.014257939,0.025118064,0.012710417,0.0062679797,0.012286032,0.008599587,0.016314687,0.13345797,0.018041909,0.060410112,0.0111237755,0.027273249,0.05956627,0.5946484,0.00991352,0.02369439,0.08954659,0.038947143,0.011126084,0.06042833,0.1044056,0.018756837,0.013333658,0.010587199,0.06253387,0.009365238,0.019659622,0.026747147,0.05005032,0.01092967,0.0068830014,0.04075672,0.015939692,0.0690404,0.004412471,0.019943066,0.010208829,0.056770936,0.015717449,0.032073256,0.016813992,0.022624115,0.29715636,0.0077498443,0.0019803648,0.06728916,0.0074154777,0.020736901,0.0124586215,0.04526534,0.01864879,0.027020581,0.10993151,0.079443574,0.008820565
0.013536323,0.07673828,0.009777277,0.030556904,0.004410035,0.019963775,0.019317718,0.01907111,0.009510234,0.023434388,0.025850926,0.009092079,0.015313201,0.016628731,0.026246654,0.019985016,0.0251175,0.024077892,0.036974348,0.01373108,0.011930258,0.16177042,0.053979415,0.013119381,0.029297253,0.04325341,0.4105739,0.033147346,0.082299784,0.029683664,0.022344928,0.013848629,0.015140627,0.0730912,0.015277065,0.013255438,0.01869463,0.020922944,0.03477914,0.007850613,0.02968691,0.024913602,0.023310442,0.011703858,0.041008137,0.015817376,0.028933547,0.025811799,0.039659835,0.016345955,0.025293764,0.055953883,0.006273377,0.0048565725,0.02296862,0.017966125,0.02899902,0.022320105,0.010391155,0.016561447,0.025062473,0.046354298,0.019830922,0.012463913
0.054390013,0.01672337,0.014360336,0.042345747,0.033257917,0.02006155,0.011254119,0.009365628,0.023796069,0.010899565,0.06383265,0.18529099,0.051676728,0.009249028,0.016200306,0.027355231,0.022331709,0.04068315,0.03903685,0.044344813,0.026713999,0.020511925,0.009939304,0.0063252863,0.010859523,0.010890884,0.014460642,0.011353565,0.07002856,0.022260094,0.03999691,0.008499206,0.018081078,0.028894667,0.018836826,0.073023975,0.060208526,0.02074296,0.03832351,0.06547797,0.017302833,0.024357526,0.0417254,0.01223736,0.01992474,0.051531084,0.0135790715,0.018356403,0.008877037,0.064149015,0.0096009215,0.011522503,0.022407673,0.004240367,0.0086009465,0.025426697,0.012018116,0.018185703,0.008948032,0.044292305,0.03738338,0.01720779,0.02339519,0.03302987
0.0047257203,0.0476569,0.014308451,0.051705047,0.0050881025,0.088158496,0.014484576,0.03486843,0.005568343,0.048462633,0.063768215,0.01863432,0.019544775,0.010837493,0.08021065,0.030844757,0.07957334,0.00931168,0.0077017015,0.0526217,0.007196538,0.026700951,0.008515891,0.014205942,0.0065706037,0.009974108,0.08032309,0.549272,0.031647857,0.013054678,0.032863278,0.19190079,0.040893942,0.015393208,0.037069764,0.009500187,0.014216558,0.035286605,0.07367891,0.05411379,0.013724922,0.009095077,0.008427763,0.009791839,0.02723261,0.022399396,0.016269656,0.008395555,0.08475374,0.013652977,0.0068036444,0.02994504,0.08342192,0.0016713641,0.022654407,0.049034633,0.02942279,0.018018087,0.0118831135,0.013505573,0.04687992,0.053424515,0.0054146852,0.014534081
0.01562022,0.26394507,0.015583454,0.014567371,0.0036866728,0.02285157,0.02045543,0.023028752,0.00522367,0.010649572,0.025833242,0.030845333,0.011200497,0.006385701,0.007478508,0.02028556,0.042055927,0.042643715,0.034640975,0.0137843,0.018386137,0.04116798,0.085677154,0.012062044,0.016153114,0.07856263,0.047964696,0.015232573,0.09347238,0.08925087,0.0153612,0.008185358,0.013750383,0.08396655,0.01041597,0.07981575,0.019054143,0.08203562,0.013695218,0.007945093,0.023600712,0.015999144,0.029993882,0.011063102,0.027445728,0.024054699,0.03926818,0.014045237,0.034568164,0.031249387,0.016639022,0.21890225,0.0077277743,0.002487352,0.0136805875,0.020143654,0.027693756,0.015356778,0.018482506,0.04208515,0.050234795,0.16727087,0.22619577,0.015112928
0.010901959,0.0035990728,0.05304486,0.0132930605,0.0032646302,0.009613592,0.0054421835,0.06655176,0.013645897,0.017594704,0.011496639,0.017791737,0.007969792,0.64491194,0.012834988,0.009669042,0.020913925,0.007376623,0.022437027,0.017003119,0.038293898,0.013507825,0.003345292,0.019986667,0.057616007,0.014711289,0.0047026672,0.0077345064,0.013602075,0.032633126,0.015297007,0.011926247,0.00815003,0.005809559,0.03411772,0.006254299,0.014121446,0.024124527,0.029686993,0.02753558,0.02687368,0.0039675552,0.060191628,0.13936295,0.02113458,0.008693886,0.036436066,0.03433674,0.0048985435,0.011308142,0.007658951,0.006549658,0.039999686,0.0021619967,0.042935554,0.007517973,0.17809384,0.06293948,0.05686683,0.010482024,0.04183531,0.011322067,0.008331742,0.008629858
0.0028728247,0.069172196,0.004820243,0.007748284,0.010419811,0.08679859,0.011257037,0.023546677,0.007294533,0.06509975,0.04129374,0.014024817,0.014835407,0.011502247,0.059093744,0.023595229,0.017181968,0.02196119,0.0075099813,0.07271184,0.012842846,0.012052632,0.005839772,0.015218917,0.016104424,0.034380343,0.020080276,0.07188155,0.019497426,0.007444621,0.018761719,0.38334358,0.0069638747,0.014286358,0.038459104,0.0066231433,0.012035383,0.013176646,0.07617949,0.119746216,0.008687162,0.0037161254,0.020080635,0.017455103,0.0063033197,0.009164049,0.009755613,0.0083360365,0.073194064,0.010780662,0.0061278725,0.009541077,0.05477497,0.0018105159,0.01552506,0.1369815,0.011512276,0.014914196,0.012128078,0.017636692,0.041529533,0.15308136,0.007172162,0.039394345
0.011059611,0.025726229,0.0076066004,0.00866201,0.0073509603,0.095284894,0.014176549,0.0010821738,0,0.09540504,0.021193627,0.01687502,0.00520641,0.012878005,0.004553064,0.005596224,0.0002283039,0.015436804,0.0017429426,0.14335692,0.0021553773,0.009309664,0.013641174,0.015824612,0.006281397,0.015067617,0.0040971497,0.01696966,0.0083828885,0.00027096417,0.00035334274,0.012079569,0.00012822151,0.0143955,0.1010534,0.005296341,0.022544824,0.0010221988,0.047297765,0.04091441,0.006875977,0.0011749801,0.011866977,0.06648644,0.0017058868,0.011762067,0.0052350457,0.010656414,0.002184742,0.02012426,0.0049937526,0,0.020318683,0.014155261,0.024995465,0.004542032,0.00050258724,0.004157054,0.0031468174,0.009829355,0.023148753,0.0016126657,0,0.02699631
0.0011677783,0.019330371,0.0049140486,0.04187166,0.009746816,0.027458211,0.08082193,0.04195671,0.008149217,0.015401247,0.011735722,0.038285147,0.046528902,0.00003796257,0.0067140535,0.008794459,0.32743582,0.1101533,0.03677454,0.0064508943,0.022982165,0.017370839,0.17526388,0.002783448,0,0.055244964,0.00018622521,0.0010989616,0.017278349,0.27966285,0.019336427,0.00023299517,0.0037800423,0.096640766,0.002777811,0.015641803,0.017458599,0.086797625,0.0002573643,0.014571766,0.025490463,0.007409078,0.028393064,0.0006595035,0.018225864,0.011802895,0.01738381,0.01806831,0.01017673,0.01543046,0.0021692885,0.024190966,0.005741984,0.0001986282,0.00489177,0.040340126,0.02514207,0.011205295,0.0032602176,0.031790912,0.08342687,0.030686563,0.02293576,0.0136630535
0.018875048,0.122088455,0.006670645,0.032550998,0.00083134125,0.031805627,0.025020141,0.025766084,0.0059057074,0.013594029,0.03858974,0.011512089,0.010351648,0.010731448,0.041935135,0.02592798,0.083354905,0.05023709,0.017849114,0.013693519,0.036124468,0.10766967,0.073573254,0.02230575,0.019163739,0.023471732,0.17160593,0.015740115,0.044656932,0.0570019,0.011761052,0.06445344,0.03204254,0.10231026,0.011334847,0.010040921,0.009039322,0.019152785,0.041960604,0.0067677572,0.01959126,0.012387486,0.03703794,0.01095337,0.078565046,0.0119441515,0.0018847265,0.010905951,0.02995652,0.012727353,0.022848751,0.10447973,0.0032036572,0.0022290132,0.0052179853,0.03877401,0.008909939,0.009668954,0.0045814803,0.04096377,0.044138618,0.066863015,0.009724853,0.012620041
0.038912933,0.018019633,0.0072583347,0.022721237,0.02545557,0.005196733,0.0067608645,0.022206048,0.051471543,0.008312455,0.04173782,0.11702506,0.0064392732,0.002715782,0.017872263,0.04169076,0.015111813,0.021830663,0.039622955,0.027691409,0.010803695,0.011045784,0.022339767,0.0119150905,0.02630878,0.000086060165,0.014121691,0.0014582626,0.02508918,0.008173509,0.006827964,0.024753425,0.02977781,0.027824814,0.047264364,0.035870116,0.063433,0.0030281108,0.07241503,0.05505844,0.017727563,0.004534047,0.043228216,0.0100102825,0.0109487185,0.058197014,0.0052840943,0.009612719,0.007677345,0.08555264,0.00631475,0.03211852,0.0044542453,0.0033706059,0.005742838,0.006918316,0.0020289712,0.030201316,0.0040012887,0.101268984,0.012888576,0.024126798,0.0035440307,0.096217
0.058528353,0.014753915,0.0059079435,0.02392331,0.05756756,0.015804995,0.044296466,0.0214243,0.030935477,0.023999205,0.09203183,0.13399294,0.027760586,0.011895554,0.03873111,0.034263898,0.053975753,0.021776166,0.036223345,0.042311735,0.016074996,0.046678446,0.030663395,0.016883183,0.019021487,0.037217107,0.010330149,0.027536556,0.03420115,0.0053150537,0.011540713,0.0046582283,0.015180242,0.009828962,0.042289805,0.062350042,0.020076666,0.009297767,0.030866008,0.04984054,0.036157284,0.07482614,0.03868141,0.035825204,0.060507774,0.04340557,0.015133115,0.020416593,0.021075021,0.11189536,0.09498213,0.07902491,0.0073653474,0.011508281,0.015194818,0.019010898,0.0057888934,0.023836415,0.00038206062,0.1777194,0.015032465,0.046427015,0.01896999,0.114170834
0.018751398,0.027179664,0.008618352,0.034061242,0.020310009,0.023341054,0.015089674,0.035341166,0.013199875,0.013410067,0.057808608,0.035108965,0.018543785,0.011077015,0.011687439,0.010422357,0.0027729752,0.043718133,0.027927667,0.037709136,0.02386595,0.034759514,0.016904572,0.02103758,0.019394934,0.00746535,0.045425955,0.022924969,0.018766865,0.0059822574,0.024312476,0.032499038,0.0061201374,0.048409242,0.0082889255,0.026941795,0.10758064,0.017451106,0.088302456,0.07590632,0.041378457,0.013128939,0.021262754,0.019499365,0.016721714,0.019648444,0.01445291,0.0067343204,0.05008533,0.044053882,0.0152501585,0.015730847,0.018017417,0.014610389,0.012448834,0.04999515,0.012491499,0.020997213,0.0035956237,0.035832316,0.045341328,0.0320276,0.02469381,0.022966867
0.11431972,0.011202226,0.002004987,0.025943767,0.055160243,0.012875492,0.01484107,0.008155298,0.07169174,0.016413772,0.059862353,0.10293082,0.011802083,0.010937425,0.063574806,0.024678491,0.013572956,0.020717835,0.024944555,0.015283354,0.010526632,0.062107492,0.026208067,0.003983029,0.012519491,0.014819564,0.017685182,0.009379924,0.06097106,0.008993168,0.022537148,0.0025673178,0.006750432,0.034402154,0.05212555,0.027651936,0.056001462,0.011868043,0.06997457,0.03602489,0.01943785,0.00691617,0.03944872,0.0037002054,0.028786277,0.06961259,0.005472879,0.007584301,0.022282444,0.14602149,0.017380431,0.022751378,0.015042019,0.0016645007,0.017381731,0.021612382,0.00829985,0.05833479,0.0038252585,0.05966275,0.029513765,0.013104592,0.0051373467,0.0843465
0.0028927468,0.011892272,0.009403387,0.04157167,0.022487063,0.034043033,0.005784677,0.021300476,0.0013195304,0.014702337,0.03224195,0.044506885,0.12916271,0.0057807933,0.012723325,0.015650308,0.040008027,0.15608688,0.027453661,0.015083494,0.0328964,0.017215088,0.05547136,0.0010178045,0.0038062024,0.051640034,0.0027823108,0.01315922,0.047361486,0.044644557,0.0704142,0.0010459719,0.038638555,0.04138619,0.003457244,0.010668572,0.043661952,0.021324953,0.0151333455,0.029365178,0.040933743,0.0014894414,0.0444474,0.0022181305,0.04755517,0.013354222,0.026502866,0.023704696,0.01891663,0.011090995,0.007634093,0.049257167,0.021881457,0.0037302033,0.013228558,0.026280126,0.006803029,0.0020889665,0.0091737835,0.032897152,0.042910874,0.0106065655,0.062702626,0.017481323
0.0032104433,0.028826158,0.014143109,0.004133001,0.0072749085,0.1286582,0.015239934,0.02501348,0.0049706995,0.13580982,0.005177088,0.043674625,0.035923272,0.0021852308,0.011491379,0.026390538,0.02332719,0.011871916,0.0071415617,0.13821375,0.022106554,0.024177898,0.0071265385,0.0058237077,0.0049553984,0.034959327,0.022888193,0.08673321,0.01818024,0.027903676,0.0083714025,0.13462558,0.0031479087,0.004740392,0.040762547,0.0040963045,0.01226855,0.008608984,0.050270427,0.020793801,0.003193412,0.013571909,0.010215491,0.02033546,0.004390315,0.0031301961,0.017244404,0.02277037,0.018111836,0.012466857,0.0012677268,0.0039320663,0.14254475,0.0011931176,0.008746052,0.046458002,0.036809135,0.025178332,0.0025988813,0.009072543,0.05030947,0.026144039,0.0015924325,0.06260835
0.015635574,0.055578124,0.002004003,0.0068887025,0.0020952052,0.12379738,0.0150425825,0.010721569,0.0030942182,0.0031762521,0.009476569,0.024440743,0.048601914,0.0014494349,0.0010624578,0.00730206,0.011965008,0.02302986,0.010797121,0.07068046,0.045428626,0.01965237,0.020627392,0.032849528,0.0037108609,0.019082535,0.03241085,0.03865198,0.030398095,0.012615539,0.008753091,0.011295697,0.0015007397,0.04560385,0.009946542,0.03478513,0.09480296,0.007984845,0.010570627,0.027049392,0.060066573,0.02319995,0.01609975,0.020348197,0.008485539,0.0132025685,0.008905255,0.014664548,0.015953507,0.020570746,0.027958851,0.007949158,0.032553148,0.004308597,0.008657166,0.059085894,0.102930464,0.030291548,0.016035866,0.039788723,0.016565308,0.033088993,0.14973661,0.0064239935
0.011436334,0.0681508,0.010818605,0.056320734,0.00056846644,0.01249453,0.10044513,0.009838486,0.003594207,0.009221116,0.04173719,0.0127719045,0.029745609,0.014497074,0.041687507,0.051094927,0.11131303,0.04239078,0.029378567,0.017503325,0.009541747,0.06187751,0.08465053,0.0124493735,0.060962647,0.034986697,0.10519095,0.022095459,0.037493676,0.06556167,0.03581176,0.051841814,0.017855857,0.06826104,0.020683158,0.023926662,0.014283301,0.018842984,0.04024545,0.010509307,0.030122612,0.029671919,0.021439893,0.017873425,0.04634468,0.0027645673,0.018752571,0.024145022,0.012283619,0.024740994,0.043141983,0.07118958,0.0128534315,0.006157516,0.019576091,0.016256388,0.031368397,0.029309943,0.036038216,0.042556725,0.043106068,0.10352869,0.018089494,0.0069451383
0.002416247,0.02498928,0.0061280495,0.0035085187,0.0027071205,0.27405033,0.010051409,0.0058863154,0.00015774263,0.078473255,0.009713671,0.038751148,0.07680096,0.0036732294,0.00058265135,0.0031037105,0.00048918603,0.018656403,0.0121878665,0.2941015,0.014663475,0.025877867,0.0032185712,0.0025837906,0.0022355558,0.060390852,0.0068765967,0.014473798,0.043462973,0.0091391,0.0071750553,0.023522649,0.0019558438,0.026886944,0.013113966,0.0036178313,0.0031040965,0.0013119045,0.017600426,0.065556705,0.0028447276,0.0032159113,0.00017067434,0.010566628,0.004588689,0.0054473532,0.007953448,0.005305201,0.0007019327,0.011245681,0.0031124041,0.0030099663,0.06923386,0.007820341,0.0064211055,0.0056044324,0.0011217083,0.0076156296,0.0026407507,0.015403284,0.058326412,0.001945399,0.00067896006,0.0031227958
0.07122179,0.04280268,0.011249272,0.036696684,0.02992035,0.03837608,0.0012146307,0.014408839,0.014872071,0.0137117505,0.050826598,0.09245088,0.053110253,0.009132983,0.035587747,0.009065804,0.010856274,0.045922365,0.039052524,0.06673702,0.030385464,0.031996243,0.021426719,0.0021276867,0.0074758925,0.038882237,0.017834106,0.0034188621,0.043337278,0.02168997,0.014748963,0.007765518,0.028617222,0.05983895,0.045485266,0.092859745,0.046178468,0.043321904,0.014698749,0.028009858,0.022074038,0.023795823,0.062498283,0.0109672975,0.024038235,0.071199596,0.0360234,0.028722137,0.0040145623,0.04863314,0.0053511574,0.040711075,0.01897965,0.0047192434,0.0063787163,0.014866094,0.011797343,0.016477276,0.0035651564,0.06142949,0.037076008,0.05452752,0.015634747,0.02744462
0.019452872,0.030620884,0.023891373,0.06419553,0.007212825,0.049414,0.007956056,0.01723764,0.016308276,0.04284361,0.035711743,0.028691541,0.1028678,0.003919681,0.013364988,0.029956307,0.015528636,0.08443163,0.051693,0.01949188,0.007140097,0.045482874,0.019586371,0.008534631,0.023492327,0.014164132,0.018515276,0.01969457,0.03084227,0.0067795636,0.09942282,0.010930413,0.045426685,0.022048991,0.01628885,0.00530517,0.074651495,0.02454206,0.018145163,0.031497784,0.050427157,0.0237044,0.018008584,0.004057282,0.031792723,0.0232115,0.022404183,0.03485092,0.017817179,0.011267228,0.052909702,0.028080946,0.032968674,0.00611544,0.024534106,0.023881389,0.0061290506,0.02409706,0.02871644,0.033709884,0.043031324,0.005331649,0.05306551,0.023407094
0.046369746,0.034681488,0.01017655,0.05108372,0.08687314,0.008836609,0.036247686,0.014686632,0.0045435983,0.010590048,0.065761305,0.09493273,0.022131318,0.009330001,0.02530862,0.028563749,0.015994754,0.095978335,0.03934053,0.03181514,0.019631676,0.03492094,0.0078788325,0.0010788068,0.0065429234,0.0084101595,0.010586858,0.0032726421,0.04789083,0.016615242,0.049098045,0.0059373938,0.02946862,0.083085075,0.006725186,0.0076282024,0.044947766,0.018447725,0.068645224,0.027783345,0.023433689,0.0058002905,0.043155804,0.008882647,0.029241866,0.014294575,0.0034958045,0.0033669143,0.041780025,0.06778773,0.017703248,0.009875968,0.008977171,0.003763467,0.029212933,0.020588428,0.0007872641,0.018901782,0.0012109071,0.10250433,0.040815424,0.007887855,0.0065841763,0.0351627
0.05364561,0.008610049,0.017648123,0.057186007,0.015212673,0.021229193,0.037371937,0.020213548,0.06758203,0.0099919895,0.0564364,0.07730198,0.011105881,0.012641249,0.02624093,0.011798864,0.015737746,0.059384376,0.013535498,0.049757488,0.021054912,0.03929658,0.011684482,0.008223114,0.025306469,0.004750197,0.012123358,0.019768411,0.017621452,0.008457498,0.027365398,0.013622825,0.014532447,0.02696867,0.028192794,0.017138038,0.08076086,0.008843,0.08790383,0.021844486,0.023310577,0.0029731763,0.023522712,0.0073668137,0.010447426,0.039522693,0.008375406,0.009455787,0.039739706,0.044139557,0.016788278,0.0050388738,0.017649543,0.0039751,0.0111333,0.033069458,0.014810925,0.04429304,0.008027887,0.021831024,0.040607315,0.015880477,0.0067189755,0.024788082
0.009937212,0.024175566,0.009155641,0.010282484,0.0065027527,0.09668112,0.012262405,0.019705733,0.002542477,0.1014456,0.01231471,0.016850471,0.018135872,0.017803472,0.021349093,0.027108312,0.012235271,0.009347773,0.01862073,0.0542576,0.010904733,0.012988284,0.01144204,0.04021301,0.017243635,0.037581854,0.010001474,0.039053097,0.024677318,0.020849463,0.03723941,0.014138402,0.0006926204,0.026499916,0.06325192,0.005374259,0.006181485,0.02830336,0.011499534,0.010297858,0.026776616,0.008262304,0.0099438755,0.064248845,0.010044679,0.015545596,0.099311,0.017288338,0.037935026,0.014263533,0.003033143,0.005902081,0.110613465,0.0020063582,0.01651905,0.0915855,0.05409897,0.014227405,0.013579106,0.0070725656,0.0078082383,0.026363011,0.041652128,0.059074223
0.017437287,0.075907245,0.021906078,0.029499844,0.058727335,0.025449842,0.021752125,0.011998624,0.012706919,0.026939053,0.06068595,0.07121706,0.011850455,0.0050092055,0.009726213,0.014805941,0.02436904,0.066413775,0.01657781,0.03187535,0.020922992,0.044342887,0.06445853,0.0033608228,0.013615107,0.02701073,0.01674321,0.037111286,0.031619385,0.018007798,0.00688338,0.015845884,0.038902644,0.0693398,0.014035446,0.039969172,0.020142177,0.0248116,0.05433563,0.049731947,0.024051633,0.011627587,0.032273516,0.009255801,0.032969866,0.02239724,0.008348267,0.008513385,0.04278276,0.020437488,0.009017081,0.02934826,0.021568462,0.002348535,0.013601666,0.018062128,0.008734325,0.010946875,0.0033685728,0.021507947,0.04431557,0.031206582,0.024984417,0.0270016
0.017900478,0.0064005135,0.018789597,0.08300165,0.03804495,0.006809053,0.020518761,0.034645766,0.02046359,0.033471823,0.06954743,0.009517007,0.009273564,0.04591318,0.031167632,0.011213618,0.050008945,0.027600449,0.023334047,0.008883988,0.004042803,0.07904644,0.043036576,0.006464219,0.08906676,0.04762717,0.0091783,0.014975788,0.011092485,0.054102063,0.055691205,0.0056095617,0.035536356,0.03589148,0.013500571,0.022314612,0.04327635,0.08047123,0.03860532,0.010927884,0.051032104,0.031675287,0.030542826,0.011206408,0.10654424,0.04671159,0.033019893,0.03070457,0.053061485,0.027532142,0.03258207,0.00707826,0.005726461,0.0016632875,0.052777458,0.066888995,0.009405442,0.047376975,0.013550416,0.019615259,0.07161173,0.05386401,0.019126168,0.022685904
0.018271115,0.03998383,0.0046818308,0.039505735,0.017643217,0.035000835,0.040072486,0.020702714,0.014053581,0.0172653,0.14081092,0.009450557,0.027537832,0.018682092,0.037413415,0.00083974487,0.08394468,0.040394835,0.021235345,0.023019932,0.0012415524,0.14598677,0.0077049285,0.013864567,0.0087601375,0.010485353,0.02554048,0.042876683,0.033351537,0.010868311,0.05250411,0.01784852,0.044973068,0.02806353,0.013972047,0.0045394944,0.0152513115,0.038061462,0.049365632,0.016792204,0.010848394,0.014064699,0.012727745,0.0045973053,0.015473867,0.013496128,0.004463584,0.018319067,0.04233265,0.015228297,0.0063934373,0.02597039,0.025137627,0.007990013,0.025351265,0.07449451,0.013208456,0.055861462,0.0007631531,0.008181129,0.047155328,0.026635747,0.020131873,0.026777277
0.04783126,0.016555313,0.013795557,0.05681155,0.066836834,0.009467328,0.04115406,0.0035608835,0.012253273,0.004672137,0.053153027,0.09163403,0.036024004,0.0023600473,0.017019916,0.029429918,0.00732778,0.05444187,0.03809758,0.033579897,0.010791096,0.01822294,0.0513035,0.011626946,0.006287514,0.013606852,0.0249813,0.017775387,0.03604939,0.020157646,0.026430234,0.010350026,0.0071430667,0.081247434,0.02921414,0.060056757,0.09229608,0.007966936,0.05134929,0.045549486,0.033201486,0.016064586,0.018987536,0.012709437,0.03050707,0.06722404,0.00075189944,0.021191582,0.012946313,0.0970485,0.08832322,0.012874998,0.004036875,0.006079255,0.013976964,0.020258758,0.016023371,0.034824364,0.0017533116,0.12839055,0.03460166,0.022049781,0.008915523,0.025273364
0.0027980548,0.011769695,0.15463172,0.008584581,0.008338837,0.013435815,0.0051262574,0.11089288,0.012383768,0.054128505,0.019550633,0.011163173,0.013455252,0.16708972,0.017998546,0.0034911563,0.0071212826,0.0026427968,0.009094047,0.02384901,0.016298149,0.010839714,0.0068812533,0.099632666,0.02159267,0.009203649,0.000888334,0.013644117,0.024382386,0.012834718,0.0071692877,0.008231675,0.0043828054,0.029497216,0.041985385,0.009386831,0.011784037,0.019076467,0.07621721,0.013969134,0.05328951,0.00065444235,0.07008551,0.099844135,0.015894769,0.008698931,0.037152242,0.008151872,0.0032161449,0.012312779,0.00510832,0.00829846,0.17529984,0.0009421931,0.015055032,0.024274914,0.009087458,0.033564977,0.017066928,0.0025748904,0.057288386,0.013967201,0.01595765,0.046455167
0.055389475,0.056607973,0.011908943,0.037288178,0.0055841515,0.016592499,0.013835412,0.024539176,0.013025695,0.018837502,0.08958618,0.029458236,0.0019057862,0.017448336,0.0929284,0.0381284,0.06626992,0.023286914,0.0032077418,0.020176012,0.0038413021,0.13689236,0.11785443,0.012332328,0.023586262,0.012762735,0.13070169,0.031723518,0.02827992,0.02841724,0.007559949,0.019854805,0.05001195,0.03514623,0.018505191,0.0322965,0.008835058,0.050517183,0.053435333,0.0070405514,0.028446544,0.010509871,0.010784748,0.0075199194,0.014833964,0.016274938,0.0029950347,0.009484182,0.021611372,0.03308823,0.038129788,0.061778843,0.02240341,0.0075543276,0.016292015,0.059186153,0.010934567,0.05008163,0.0035821877,0.039725408,0.0485106,0.032695387,0.013056052,0.016923686
0.013902286,0.14821312,0.008434681,0.020184964,0.0035199884,0.022722509,0.024615806,0.008058133,0.010015869,0.025741354,0.019946948,0.022669325,0.028613683,0.017857922,0.012197422,0.01650146,0.06408588,0.052986316,0.047566302,0.008492991,0.025172506,0.055907108,0.10380153,0.017936733,0.033457708,0.021947937,0.08040442,0.023584876,0.050969757,0.09530783,0.019005418,0.0063992506,0.020812526,0.09514758,0.009266031,0.021848653,0.009330789,0.055639435,0.018731976,0.010331264,0.015068678,0.016290313,0.045846947,0.011364018,0.077512205,0.025382623,0.014546484,0.036749754,0.02598226,0.012340144,0.015321131,0.22701475,0.0028273114,0.0007014974,0.036951046,0.0094966395,0.017913917,0.017109979,0.016501652,0.016848227,0.05499629,0.092569515,0.15178515,0.017249543
0.011874925,0.005985816,0.028535608,0.023372239,0.0037581578,0.031664643,0.018087922,0.09754533,0.010572426,0.039167427,0.009409,0.0080720335,0.00883885,0.06774683,0.016101802,0.0149023635,0.016842647,0.00780238,0.028120931,0.007243289,0.11498795,0.037673645,0.027954206,0.047762148,0.039671827,0.014436143,0.008296482,0.008716521,0.021084791,0.045990907,0.019064194,0,0.004615129,0.0937256,0.02207149,0.0456874,0.006919487,0.02841731,0.016210046,0.0041350364,0.10942727,0.017278383,0.06789675,0.10345545,0.041388948,0.006259764,0.08612448,0.024461897,0.0034697666,0.019494364,0.0076352395,0.006315752,0.048191767,0.0015575865,0.0111804325,0.013609072,0.10614632,0.030112093,0.045937717,0.008154039,0.016617345,0.029776871,0.021491617,0.059239842
0.006036578,0.0048313783,0.047711566,0.02619959,0.0074835094,0.014086979,0.0043982454,0.093164764,0.015860088,0.046821453,0.024175605,0.0040570083,0.002991414,0.07312407,0.021599403,0.0073899953,0.00860562,0.029198429,0.013659261,0.039966553,0.06913899,0.022351708,0.0026163324,0.036943592,0.03190867,0.0129547585,0.015492561,0.006018057,0.029053155,0.018117214,0.023190748,0.0059081824,0.027285662,0.010638239,0.070191406,0.014771913,0.01387226,0.014992937,0.024264436,0.03618581,0.03758976,0.0028606774,0.04239725,0.10783832,0.016971335,0.006732356,0.031223018,0.022531535,0.021805232,0.003836051,0.002834177,0.002627138,0.10728793,0.0066264286,0.029881293,0.020773038,0.029019635,0.052986026,0.03502009,0.013211096,0.055560373,0.016811235,0.01196591,0.008472659
0.023567727,0.0058581545,0.041912686,0.031176561,0.008152338,0.024687761,0.050863814,0.1234049,0.035286766,0.029546306,0.0029445097,0.00803567,0.0026091319,0.044107474,0.003541831,0.008419097,0.055698134,0.015436592,0.030021746,0.01446933,0.04332154,0.0148247825,0.018307285,0.079719,0.05243834,0.08465139,0.0036844234,0.011849284,0.027427893,0.09229903,0.036985215,0.0008027561,0.009063991,0.02410904,0.020939846,0.032604218,0.010721945,0.11426518,0.0049945824,0.013092227,0.04173813,0.007426235,0.03507663,0.030468896,0.039692074,0.016084451,0.107910134,0.019149939,0.00341438,0.016486617,0.0042102756,0.0036596805,0.04021416,0.0043146703,0.029276166,0.022521662,0.05309075,0.00799766,0.036541693,0.016537827,0.040585846,0.03004684,0.04390251,0.02287587
0.02418572,0.016560635,0.06875145,0.03892625,0.016150538,0.033898644,0.06296631,0.13570854,0.014561215,0.010542253,0.017569223,0.008281893,0.0073449113,0.02770936,0.009759719,0.020172078,0.061667692,0.0059364364,0.029821506,0.01816621,0.11776421,0.017705536,0.0051950337,0.06738264,0.015862089,0.026366586,0.0021504094,0.01727015,0.013923345,0.024027025,0.011708686,0.001960237,0.015554321,0.026196966,0.021603156,0.014241131,0.031232905,0.13276589,0.002781098,0.017409304,0.05397885,0.013009451,0.051578946,0.052993644,0.011320488,0.0053491024,0.11920296,0.015133256,0.0043866322,0.010947442,0.0075942324,0.0057796976,0.031162072,0.0054995185,0.007826587,0.020321533,0.061030008,0.014286377,0.11209436,0.0061657806,0.03073729,0.027387176,0.021558404,0.04728305
0.087130934,0.025819624,0.019371776,0.062129915,0.1504609,0.013625828,0.104616545,0.01299447,0.005891852,0.018314239,0.072527274,0.04015792,0.0089048315,0.009357027,0.09980474,0.031713188,0.046118505,0.014114763,0.018298058,0.015569401,0.03349995,0.026349526,0.021083469,0.008735374,0.009935318,0.0027316848,0.006256507,0.017054277,0.014450505,0.03740989,0.024305265,0.006614051,0.012764484,0.025276775,0.046997745,0.05887463,0.02261081,0.05007694,0.066770196,0.05564951,0.057270385,0.013493145,0.08661903,0.020859009,0.02876771,0.023859229,0.008169276,0.00596682,0.028395131,0.11980057,0.02896968,0.0014058538,0.035481196,0.0022125286,0.03537301,0.030787129,0.00009925161,0.06216132,0.019586569,0.035332706,0.046905432,0.021847785,0.0015025558,0.025147522
0.017216314,0.020430077,0.042833794,0.025830632,0.028691178,0.023786897,0.015824411,0.03593901,0.004138553,0.015484497,0.03499707,0.012369856,0.0115086865,0.13387276,0.012773995,0.021710062,0.01722104,0.023376824,0.03420178,0.008987072,0.043391723,0.013346712,0.010244007,0.028864872,0.0763128,0.01803098,0.012666014,0.0041016946,0.017019292,0.06642206,0.039992154,0.0073143383,0.0046764156,0.0035648406,0.04454066,0.023145145,0.01581592,0.058467902,0.02367357,0.037295025,0.038050123,0.0056738215,0.059789754,0.09379265,0.029860038,0.0013519304,0.015014393,0.03090826,0.015057182,0.02026116,0.0059611993,0.024909977,0.02053345,0.0071445047,0.09328068,0.012972049,0.053448893,0.057383318,0.04115519,0.0057527525,0.016928257,0.025022214,0.029183839,0.017711094
0.008436044,0.008905103,0.09950551,0.017159143,0.0027671568,0.017623996,0.0047776154,0.1618103,0.03360768,0.022379957,0.010741267,0.009561181,0.016966956,0.16529128,0.012254323,0.0046588453,0.013920248,0.0048085684,0.03137539,0.045779202,0.023415985,0.01667976,0.0074523627,0.073698334,0.03131502,0.01722781,0.0048844814,0.02786854,0.041050397,0.012224848,0.0107854,0.04839825,0.007307235,0.0061616227,0.06761809,0.01445242,0.011454547,0.020153206,0.049228463,0.073480584,0.013853321,0.015084547,0.036346175,0.070970245,0.017369468,0.005265088,0.010792932,0.022511244,0.010970788,0.015520412,0.013703523,0.0019708234,0.13031812,0.0041263364,0.016628973,0.069495894,0.025150675,0.0790303,0.010544088,0.002534075,0.020938134,0.022937723,0.01255213,0.007719122
0.03268251,0.007238085,0.024070429,0.049632046,0.04221695,0.013921273,0.003928447,0.037896227,0.010054438,0.0149161415,0.04572759,0.024470868,0.06114315,0.015062576,0.026282245,0.016539512,0.027538821,0.07679335,0.022504514,0.027104396,0.030083451,0.03546949,0.031999297,0.001691913,0.017679071,0.008025407,0.019629117,0.017325375,0.020438332,0.015061568,0.034425464,0.010954993,0.06010864,0.07171093,0.020598188,0.03320669,0.054060746,0.057178073,0.054277044,0.03231045,0.02695035,0.015265468,0.020866172,0.0111727,0.032586373,0.06710202,0.013694836,0.026628101,0.013575946,0.045034423,0.057717137,0.007238557,0.05079029,0.0025959588,0.013575504,0.083403945,0.016560785,0.039968222,0.016837575,0.014883751,0.041473754,0.012983173,0.0061999233,0.022002617
0.012238303,0.08588799,0.011394701,0.013266236,0.00033317,0.01725113,0.0270533,0.0033638298,0.021982726,0.035023443,0.042653367,0.019636532,0.03523757,0.02731424,0.0074830367,0.042409737,0.04022082,0.010466509,0.020429164,0.01093436,0.016277786,0.118778825,0.054384034,0.013401958,0.02079744,0.017021496,0.0888217,0.009754909,0.06229657,0.058925807,0.018960426,0.0005205857,0.024378514,0.065207474,0.008829186,0.011800148,0.017997388,0.02465221,0.042270206,0.0021412224,0.010179235,0.030155515,0.015177903,0.003635414,0.07628269,0.025601853,0.0075017745,0.01273444,0.06293692,0.05847316,0.06862497,0.1808136,0.0017525656,0.003635951,0.01391196,0.015545179,0.028424006,0.027612101,0.007907076,0.028589547,0.050629072,0.032071136,0.036596857,0.025058638
0.016380072,0.016950693,0.024453264,0.11818781,0.03125036,0.016685905,0.022541022,0.015016735,0.009048649,0.016073326,0.036710925,0.088853434,0.07214598,0.014635051,0.025297109,0.050410997,0.019709885,0.14649786,0.042649023,0.022165786,0.012273015,0.051492613,0.026830014,0.0040685004,0.016599711,0.031962786,0.033374898,0.005974973,0.05257263,0.017819,0.073248684,0.01765627,0.04963661,0.040162988,0.029593632,0.013815652,0.048778314,0.007964816,0.014435072,0.024659686,0.019508079,0.014580915,0.03835697,0.010559611,0.03430114,0.009397095,0.0062179742,0.024544615,0.012098476,0.029713864,0.036110513,0.009442079,0.013224222,0.006561148,0.007873751,0.023625007,0.014387475,0.02132037,0.01656953,0.051152296,0.036559224,0.02107485,0.012649253,0.01888438
0.009181186,0.007856417,0.030578583,0.018377755,0.004171175,0.08347446,0.08641942,0.13935082,0.0060647395,0.022421515,0.0036736168,0.01756789,0.002558789,0.010573974,0.00055931567,0.01075617,0.019100886,0.002048238,0.01988979,0.0053837127,0.08953228,0.011891265,0.008653248,0.15117016,0.006435691,0.019795137,0.004345781,0.024776481,0.007022488,0.044805184,0.04037143,0,0.0068653226,0.0869717,0.062712885,0.010613223,0.009655709,0.06865905,0.026004964,0.010924311,0.053132363,0.015546034,0.04812942,0.076090895,0.011827996,0.005672386,0.08844568,0.02116942,0.0010183596,0.0029411712,0.011941426,0.007965893,0.05078336,0.005070335,0.005503409,0.038968224,0.0284049,0.0032231598,0.057661265,0.00007578628,0.010515472,0.016568014,0.012692613,0.033376027
0.050103605,0.014420258,0.02784053,0.05853787,0.026468024,0.04616373,0.019040955,0.004855894,0.008497901,0.011153196,0.012983428,0.10466862,0.18288657,0.018618084,0.006374261,0.047391634,0.0027388292,0.01020023,0.024684481,0.040057577,0.013821674,0.007953852,0.009509189,0.0019586976,0.00463736,0.022828933,0.013460698,0.026089873,0.072041355,0.022596626,0.115024365,0,0.019685632,0.034979973,0.016575966,0.05736261,0.1185779,0.030419286,0.005446882,0.04445822,0.02514122,0.007812479,0.027038682,0.0037326324,0.02380735,0.035906576,0.018672014,0.03990244,0.028481966,0.04036408,0.0248852,0.0028569836,0.034699176,0.0047441362,0.006034429,0.010663179,0.024790494,0.027040923,0.021306705,0.019906309,0.025796777,0.0029985984,0.034030423,0.02483887
0.0012768586,0.14837183,0.009816436,0.0060264086,0.0048407223,0.08144474,0.020804694,0.0009108029,0.012606491,0.08408427,0.04105229,0.015183252,0.012993241,0.0024999236,0.039011765,0.019470265,0.02287316,0.016141469,0,0.1175606,0.008254839,0.0020261817,0.0177261,0.021624155,0.0018543529,0.025084237,0.029914891,0.0731733,0.007617364,0.006841843,0.008480965,0.48367023,0.003770093,0.026654577,0.04800091,0,0.0077232243,0.007724285,0.083598234,0.06363927,0.004303468,0,0.010100006,0.014282924,0.0013698292,0.017072093,0.003965834,0.005354207,0.01358741,0.015420923,0.011762456,0.011397511,0.022801304,0.0011986869,0.018697964,0.038310986,0.014769256,0.005390802,0.016516116,0.017158976,0.060257614,0.063537106,0.000057984937,0.04565659
0.06641491,0.014110255,0.017704556,0.024215093,0.07661877,0.033182397,0.13965273,0.03901387,0.011381054,0.019516343,0.028668841,0.035726376,0.020231761,0.011743503,0.07928156,0.032267276,0.0400319,0.011144606,0.0251786,0.061066866,0.013396387,0.01848416,0.018551435,0.045613814,0.0080997115,0.008780552,0.029720014,0.07700527,0.041463632,0.0065711043,0.03160684,0.00882292,0.007752868,0.058330525,0.050792478,0.016741857,0.1236519,0.009092337,0.03707828,0.021842439,0.01914711,0.03012311,0.012361982,0.024378762,0.022631992,0.064093255,0.010358512,0.031237056,0.0066368477,0.11207714,0.050294556,0.0016138606,0.036276624,0.013612477,0.005057574,0.025967274,0.0013054662,0.06539128,0.013411576,0.08980838,0.032872822,0.02000473,0.0057769762,0.05982419
0.012689814,0.049930118,0.01096596,0.023111625,0.012567435,0.027551454,0.043663096,0.04921966,0.09397836,0.03951854,0.01761236,0.0072808997,0.025498098,0.006937948,0.04536961,0.028176103,0.039039124,0.009085492,0.078331254,0.016117118,0.0030256058,0.039097197,0.035025127,0.026910389,0.045983396,0.024757816,0.033267945,0.019627914,0.047512263,0.013392572,0.048686743,0.00446041,0.019830512,0.060192548,0.012763584,0.06459756,0.025529746,0.01690186,0.0126845585,0.0040527787,0.10845578,0.21773534,0.025846725,0.035577524,0.10425617,0.09838,0.070116594,0.11541496,0.012133486,0.028268237,0.022868825,0.04201179,0.012097212,0.0033045174,0.020385986,0.0014161723,0.021283433,0.007781276,0.014569819,0.01487149,0.023254383,0.10719665,0.02623628,0.008225908
0.009797471,0.023868209,0.0041712476,0.07827799,0.0008115641,0.032011535,0.030581068,0.040533606,0.0034282121,0.0073516346,0.018194921,0.010029545,0.053450875,0.0057156663,0.008511222,0.030389255,0.058707643,0.053666662,0.03399224,0.0046144463,0.016100356,0.02191123,0.038582116,0.007160938,0.029855436,0.033575416,0.010965302,0.013491419,0.006623771,0.041909836,0.108961344,0.0005834515,0.015453021,0.061028562,0.0051338067,0.0120680425,0.0646147,0.10287992,0.009183414,0.017177897,0.02582117,0.0017212391,0.036438767,0.0066521345,0.02234372,0.0072593256,0.07374952,0.022253936,0.012156908,0.013612899,0.00712659,0.008982761,0.013493637,0.0004634795,0.040721837,0.046017263,0.043092284,0.015229774,0.022968816,0.007163707,0.057647873,0.02170048,0.056093037,0.023122746
0.0070202868,0.10352439,0.007854465,0.016484058,0.0014005157,0.020120239,0.018977638,0.010567793,0.0060410057,0.0147234425,0.023573492,0.043437634,0.0085095335,0.008030367,0.008818688,0.009919212,0.117639944,0.026480343,0.041159883,0.012749892,0.06295308,0.026054753,0.07330032,0.015329487,0.012825287,0.03404544,0.03390102,0.012230472,0.053232826,0.11205661,0.02180684,0.0071705277,0.013158723,0.20221929,0.0048595537,0.014147474,0.010730833,0.04831483,0.0138642825,0.0083239805,0.017270882,0.010639531,0.029647797,0.0058382363,0.14208761,0.018730054,0.011566927,0.012304686,0.0050242185,0.019780738,0.012475666,0.5924142,0.0050233756,0.0013108044,0.018150479,0.009904644,0.027339416,0.011548029,0.01950729,0.024280041,0.035069562,0.090540275,0.06308657,0.008603045
